Range's low-cost structure and capital discipline will help the company generate sizeable free cash flow in an improved commodity price backdrop for both natural gas and natural gas liquids (NGLs).,0
"© 2022 Moody’s Corporation, Moody’s Investors Service, Inc., Moody’s Analytics, Inc. and/or their licensors and affiliates (collectively, “MOODY’S”).",1
"(“MJKK”) is a wholly-owned credit rating agency subsidiary of Moody's Group Japan G.K., which is wholly-owned by Moody’s Overseas Holdings Inc., a wholly-owned subsidiary of MCO.",1
"The Global Scale Credit Rating on this Credit Rating Announcement was issued by one of Moody's affiliates outside the EU and is endorsed by Moody's Deutschland GmbH, An der Welle 5, Frankfurt am Main 60322, Germany, in accordance with Art.4 paragraph 3 of the Regulation (EC) No 1060/2009 on Credit Rating Agencies.",1
The Ba3 rating on the incremental first-lien term loan reflects its first priority lien on the assets of Pike and its seniority relative to the unsecured notes.,1
"As a second step, Moody's estimates expected collateral losses or cash flows using a quantitative tool that takes into account credit enhancement, loss allocation and other structural features, to derive the expected loss for each rated instrument.",1
Further information on the EU endorsement status and on the Moody's office that issued the credit rating is available on https://ratings.moodys.com.,1
"MOODY’S credit rating is an opinion as to the creditworthiness of a debt obligation of the issuer, not on the equity securities of the issuer or any form of security that is available to retail investors.Additional terms for Japan only: Moody's Japan K.K.",1
Moody's also downgraded by one notch Lloyds Banking Group's subordinated debt ratings to Baa1 from A3 and its backed junior subordinated debt ratings to Baa2(hyb) from Baa1(hyb) and downgraded by one notch Lloyds Bank's subordinated debt ratings to Baa1 from A3 and its junior subordinated debt ratings to Baa2(hyb) from Baa1(hyb).,1
"For ratings issued on a program, series, category/class of debt or security this announcement provides certain regulatory disclosures in relation to each rating of a subsequently issued bond or note of the same series, category/class of debt, security or pursuant to a program for which the ratings are derived exclusively from existing ratings in accordance with Moody's rating practices.",1
"The track record of improved policy effectiveness supports the government's structural economic reform agenda to enhance export competitiveness, broaden the revenue base, and a shift to targeted income support measures as well as the maintenance of primary surpluses underpinning Moody's expectation of a renewed reduction in the debt/GDP ratio starting fiscal 2023.",1
"The average loss a rated instrument incurs in all of the simulated collateral loss or cash flow scenarios, which Moody's weights based on its assumptions about the likelihood of events in such scenarios actually occurring, results in the expected loss of the rated instrument.",1
"(“MJKK”) is a wholly-owned credit rating agency subsidiary of Moody's Group Japan G.K., which is wholly-owned by Moody’s Overseas Holdings Inc., a wholly-owned subsidiary of MCO.",1
"Although the sovereign's liquidity pressures have eased somewhat as a result of last year's record-high 26.9% increase in tax receipts, Moody's believes that liquidity pressures will intensify in the second half of 2022 and through the upcoming $800 million bond maturity in January 2023.",1
"The cost to the Treasury of the deposit protection scheme is rising, with Moody's estimating the full-year cost at around 2.2% of GDP, on the basis of the rating agency's exchange rate forecasts.",1
"Synergies will exceed Moody's early expectations by over 25%, delivering high run rate cost efficiencies that will further bolster ramping free cash flow.",1
Moody’s SF Japan K.K.,1
Moody's Rating Symbols and Definitions can be found on https://ratings.moodys.com/rating-definitions.,1
"(“MJKK”) is a wholly-owned credit rating agency subsidiary of Moody's Group Japan G.K., which is wholly-owned by Moody’s Overseas Holdings Inc., a wholly-owned subsidiary of MCO.",1
"New York, July 11, 2022 -- Moody's Investors Service (Moody's) downgraded Petroleos Mexicanos' (PEMEX) corporate family rating and the senior unsecured ratings on the company's existing notes, as well as the ratings based on PEMEX's guarantee, to B1 from Ba3.",1
A positive differential between nominal growth and interest rates is key to Moody's baseline and the debt trajectory is vulnerable to shocks.,1
Please click on this link https://www.moodys.com/viewresearchdoc.aspx?docid=PBC_ARFTL468478 for the List of Affected Credit Ratings.,1
"As of the end of 2021, it had a land bank of about 53.14 million square meters across 63 cities mainly in China.",0
"However, Moody's could revise the outlook to stable if (1) Sino-Ocean demonstrates resilience amid difficult operating conditions through stabilizing its business performance, maintaining its good liquidity and funding assess, as well as disciplined financial management; and (2) China Life continues to provide operational and financial support to Sino-Ocean, in times of need.",1
Please see the issuer/deal page on https://ratings.moodys.com for additional regulatory disclosures for each credit rating.,1
"The Global Scale Credit Rating on this Credit Rating Announcement was issued by one of Moody's affiliates outside the EU and is endorsed by Moody's Deutschland GmbH, An der Welle 5, Frankfurt am Main 60322, Germany, in accordance with Art.4 paragraph 3 of the Regulation (EC) No 1060/2009 on Credit Rating Agencies.",1
Bed Bath has worked to rationalize its banners as well as its store base with a total of 63 completed in fiscal 2021.,0
"Moody's general principles for assessing environmental, social and governance (ESG) risks in our credit analysis can be found at https://ratings.moodys.com/documents/PBC_1288235.",1
"Moody's also affirmed PEMEX's Baseline Credit Assessment (BCA), which reflects its standalone credit strength, at caa3.",1
For further information please see the issuer/deal page for the respective issuer on https://ratings.moodys.com.,1
"Moody's general principles for assessing environmental, social and governance (ESG) risks in our credit analysis can be found at https://ratings.moodys.com/documents/PBC_1288235.",1
Ongoing inflationary pressures on consumer spending along with a shift in spending towards categories such as travel is negatively impacting retail traffic and demand for outdoor grills.,0
Moody's quantitative analysis entails an evaluation of scenarios that stress factors contributing to sensitivity of ratings and take into account the likelihood of severe collateral losses or impaired cash flows.,1
"MOODY’S credit rating is an opinion as to the creditworthiness of a debt obligation of the issuer, not on the equity securities of the issuer or any form of security that is available to retail investors.Additional terms for Japan only: Moody's Japan K.K.",1
"© 2022 Moody’s Corporation, Moody’s Investors Service, Inc., Moody’s Analytics, Inc. and/or their licensors and affiliates (collectively, “MOODY’S”).",1
"For ratings issued on a program, series, category/class of debt or security this announcement provides certain regulatory disclosures in relation to each rating of a subsequently issued bond or note of the same series, category/class of debt, security or pursuant to a program for which the ratings are derived exclusively from existing ratings in accordance with Moody's rating practices.",1
"Please refer to https://ratings.moodys.com for the Regulatory Disclosures for each credit rating action, shown on the issuer/deal page, and for Moody's Policy for Designating Non-Participating Rated Entities, shown on https://ratings.moodys.com.",1
"For ratings issued on a program, series, category/class of debt or security this announcement provides certain regulatory disclosures in relation to each rating of a subsequently issued bond or note of the same series, category/class of debt, security or pursuant to a program for which the ratings are derived exclusively from existing ratings in accordance with Moody's rating practices.",1
"Moody's expects Sino Ocean's gross margin to reduce to around 16%-17% over the next 12-18 months from 19% in 2021, as the company will likely offer certain price discounts to support its contracted sales amid the difficult market conditions.",1
"Moody's general principles for assessing environmental, social and governance (ESG) risks in our credit analysis can be found at https://ratings.moodys.com/documents/PBC_1288235.",1
The new public procurement law would help reduce costs of government purchase of goods and services while simultaneously increasing the efficiency and transparency of the process.,0
"All cities benefit from the status of the region's capital city with good access to education, healthcare facilities and access to basic services but also worse housing affordability compared to other (rather smaller) cities.",0
"Paris, August 05, 2022 -- Moody's Investors Service (""Moody's"") has today changed the outlook on the Government of Italy to negative from stable and affirmed the local- and foreign-currency long-term issuer and senior unsecured ratings at Baa3.",1
The rating outlook was changed to stable from positive.,1
"The stable outlook reflects Moody's expectation for T-Mobile's continued subscriber and service revenue growth, EBITDA margin expansion, debt leverage (Moody's adjusted) declining steadily towards and sustained around 3.75x and rising free cash flow.",1
"Given the lower revenue expectations Traeger implemented several cost savings initiatives, including workforce reduction and expense control.",0
The principal methodology used in these ratings was Telecommunications Service Providers published in January 2017 and available at https://ratings.moodys.com/api/rmc-documents/48906.,1
"Frankfurt am Main, August 10, 2022 -- Moody's Investors Service (""Moody's"") has today changed the outlook on 6 Czech sub-sovereign entities to negative from stable.",1
Please refer to Moody's Policy for Designating and Assigning Unsolicited Credit Ratings available on its website https://ratings.moodys.com.,1
Please see https://ratings.moodys.com for any updates on changes to the lead rating analyst and to the Moody's legal entity that has issued the rating.,1
"The outgoing government had taken a number of measures to reduce gas consumption and diversify supplies, having stated that Italy's reliance on Russia had been cut to around 25% from 40% of total imports.",0
"MOODY’S credit rating is an opinion as to the creditworthiness of a debt obligation of the issuer, not on the equity securities of the issuer or any form of security that is available to retail investors.Additional terms for Japan only: Moody's Japan K.K.",1
"In addition, factors that could lead to a higher BCA and potentially a higher rating for PEMEX would include its ability to strengthen its liquidity position and internally fund sufficient capital reinvestment to fully replace reserves, deliver modest production growth and generate free cash flow for debt reduction.",0
Please refer to Moody's Policy for Designating and Assigning Unsolicited Credit Ratings available on its website www.moodys.com.,1
The authorities are having to resort to increasingly unorthodox measures in an attempt to stabilize the currency and restore foreign-currency buffers.,0
Turkiye's social IPS is also moderately negative (S-3).,1
"For ratings issued on a program, series, category/class of debt or security this announcement provides certain regulatory disclosures in relation to each rating of a subsequently issued bond or note of the same series, category/class of debt, security or pursuant to a program for which the ratings are derived exclusively from existing ratings in accordance with Moody's rating practices.",1
Further information on the EU endorsement status and on the Moody's office that issued the credit rating is available on https://ratings.moodys.com.,1
The outlook is negative.,1
"Serafina is an exploration and production company that produces about 40,000 bbls/d (before royalties) primarily through thermal heavy oil assets in Saskatchewan.",0
"Moody's general principles for assessing environmental, social and governance (ESG) risks in our credit analysis can be found at https://ratings.moodys.com/documents/PBC_1288235.",1
The downgrade incorporates Moody's expectation of high material losses to investors ahead of the two upcoming bond redemptions.,1
"Moody's general principles for assessing environmental, social and governance (ESG) risks in our credit analysis can be found at https://ratings.moodys.com/documents/PBC_1288235.",1
"Because of the possibility of human or mechanical error as well as other factors, however, all information contained herein is provided “AS IS” without warranty of any kind.",0
The principal methodology used in these ratings was Sovereign Ratings Methodology published in November 2019 and available at https://ratings.moodys.com/api/rmc-documents/63168.,1
"While Moody's expects the government's privatization strategy aiming for $10 billion in FDI inflows annually over four years to help bolster Egypt's FX reserve buffer in the future, the likelihood of renewed large-scale inflows is low in the near future in Moody's assessment, raising downside risks.",1
"Moody's considers weaknesses in CS's strategy, risk frameworks and controls, and compliance as a governance factors under its environmental, social, and governance (ESG) framework.",1
"Alternatively, please see the Rating Methodologies page on https://ratings.moodys.com for a copy of this methodology.",1
"MOODY'S adopts all necessary measures so that the information it uses in assigning a credit rating is of sufficient quality and from sources MOODY'S considers to be reliable including, when appropriate, independent third-party sources.",1
The stable outlook reflects Moody's view that the risks at the B3 level are balanced.,1
"For additional information, please refer to Moody's Policy for Designating and Assigning Unsolicited Credit Ratings available on its website https://ratings.moodys.com.",1
The rating agency further downgraded CS's Baseline Credit Assessment (BCA) and Adjusted BCA to baa3 from baa2 and its long-term Counterparty Risk Assessment to A2(cr) from A1(cr).,1
"© 2022 Moody’s Corporation, Moody’s Investors Service, Inc., Moody’s Analytics, Inc. and/or their licensors and affiliates (collectively, “MOODY’S”).",1
"After an economic contraction of 1% in 2022, Moody's expects strong real GDP growth of 5% in 2023 on the back of a rebound in the agricultural sector.",1
"Moody's general principles for assessing environmental, social and governance (ESG) risks in our credit analysis can be found at https://ratings.moodys.com/documents/PBC_1288235.",1
Turkiye's institutions and governance profile has deteriorated steadily in recent years and has been a key driver of successive downgrades to the sovereign's rating.,1
Please refer to Moody's Policy for Designating and Assigning Unsolicited Credit Ratings available on its website https://ratings.moodys.com.,1
Moody's expects about $450 million of free cash flow through to mid-2023 using Moody's medium term price assumptions and much higher if current market prices were to persist.,1
"With over two years of solid network and operations integration completed, Moody's views the potential for execution missteps which could result in service quality deterioration and associated customer churn fallout as a low, remote and quickly abating risk.",1
MJKK and MSFJ are credit rating agencies registered with the Japan Financial Services Agency and their registration numbers are FSA Commissioner (Ratings) No.,0
"The collateral backing UPST 2022-4 consists of unsecured consumer installment loans originated by Cross River Bank, a New Jersey state-chartered commercial bank and FinWise Bank, a Utah state-chartered commercial bank, all utilizing the Upstart Program, respectively.",0
Moody's Rating Symbols and Definitions can be found at: https://ratings.moodys.com/rating-definitions.,1
"Alternatively, please see the Rating Methodologies page on https://ratings.moodys.com for a copy of this methodology.",1
(“MSFJ”) is a wholly-owned credit rating agency subsidiary of MJKK.,0
Further information on the UK endorsement status and on the Moody's office that issued the credit rating is available on https://ratings.moodys.com.,1
"London, August 12, 2022 -- Moody's Investors Service (""Moody's"") has today downgraded the Government of Turkiye's long-term foreign- and domestic-currency issuer and the foreign-currency senior unsecured ratings to B3 from B2.The foreign-currency senior unsecured shelf rating was downgraded to (P)B3 from (P)B2.",1
MJKK and MSFJ are credit rating agencies registered with the Japan Financial Services Agency and their registration numbers are FSA Commissioner (Ratings) No.,0
Moody's weights the impact on the rated instruments based on its assumptions of the likelihood of the events in such scenarios occurring.,1
"Moody's LGF analysis now indicates a low loss-given-failure for the bank's senior unsecured debt, resulting in one notch uplift from the bank's a3 Adjusted BCA, while the previous LGF analysis indicated a very low loss-given-failure resulting in two notches of uplift.",1
"Moody's general principles for assessing environmental, social and governance (ESG) risks in our credit analysis can be found at https://ratings.moodys.com/documents/PBC_1288235.",1
Moody’s SF Japan K.K.,1
For further information please see the ratings tab on the issuer/entity page for the respective issuer on https://ratings.moodys.com.,1
"In addition, T-Mobile could benefit from its affiliation with its controlling shareholder Deutsche Telekom AG (DT, Baa1 stable), although Moody's does not impute any credit support to the rating from DT.",1
Please refer to Moody's Policy for Designating and Assigning Unsolicited Credit Ratings available on its website https://ratings.moodys.com.,1
"While City of Prague will decrease its debt level to 7% of operating revenue by 2024, Moody's forecasts debt levels to slightly increase for Brno and Ostrava due to their higher capital expenditure (to 27% of operating revenue and 26% of operating revenue, respectively).",1
The multi-year integration of the wireless network of Sprint into the legacy T-Mobile network has progressed far ahead of the target objectives set at the merger date in 2020.,0
"Toronto, July 29, 2022 -- Moody's Investors Service (Moody's) has affirmed all of Strathcona Resources Ltd.'s (Strathcona) ratings, including its B2 corporate family rating (CFR), its B2-PD probability of default rating, and the B3 rating on its senior unsecured notes.",1
"The ratings agency also cited ""the crystallisation of large financial losses during H1 2022, resulting in stress on the bank's financial profile and potential delays in technology investments, and in the transformation of the business and an expectation of continued weak performance in 2022.""",1
"Moody's further expects T-Mobile's organic growth and continued progress on cost synergies will enable it to generate positive free cash flow in the mid-single digits as a percentage of revenue by year-end 2022, with ramping expansion thereafter.",1
"MOODY’S credit rating is an opinion as to the creditworthiness of a debt obligation of the issuer, not on the equity securities of the issuer or any form of security that is available to retail investors.Additional terms for Japan only: Moody's Japan K.K.",1
Further information on the EU endorsement status and on the Moody's office that issued the credit rating is available on https://ratings.moodys.com.,1
This is MF1's tenth securitization of transitional floating rate multifamily mortgage loans.,0
"Moody's LGF analysis now indicates a moderate loss-given-failure for senior unsecured debt, resulting in no uplift from the bank's a3 Adjusted BCA, while the previous LGF analysis resulted in a low loss-given-failure and one notch of uplift.",1
"Moody's has identified the following parameters as key indicators of the expected loss within CRE CLO transactions: weighted average rating factor (WARF), a primary measure of credit quality with credit assessments completed for all of the collateral, weighted average life (WAL), weighted average recovery rate (WARR), number of asset obligors; and pair-wise asset correlation.",1
The integration of the acquired Entregado in early 2022 is still ongoing.,0
"On July 27, 2022, Strathcona entered into an agreement with Serafina Energy Ltd. (Serafina) to acquire all the outstanding shares of Serafina for cash consideration of C$2.3 billion.",0
"© 2022 Moody’s Corporation, Moody’s Investors Service, Inc., Moody’s Analytics, Inc. and/or their licensors and affiliates (collectively, “MOODY’S”).",1
For further information please see the issuer/deal page for the respective issuer on https://ratings.moodys.com.,1
"While financial performance of Range will continue to be influenced by industry cycles, compared to historical experience Moody's expects future profitability and cash flow in this sector to be less robust at the cycle peak and worse at the cycle trough because global initiatives to limit adverse impacts of climate change will constrain the use of hydrocarbons and accelerate the shift to less environmentally damaging energy sources.",1
Italy has strong incentives to comply with the terms of the NRRP because it only receives investment funds in exchange for reforms.,0
Sino-Ocean's senior unsecured bond rating is not affected by subordination to claims at the operating company level.,0
MCO and Moody’s Investors Service also maintain policies and procedures to address the independence of Moody’s Investors Service credit ratings and credit rating processes.,1
"At the same time, it is unclear whether there is political acceptance that the Turkish economy will need to slow down, in particular in light of the approaching elections, which will have to be held by June 2023 at the latest.",0
Please see the issuer/deal page on https://ratings.moodys.com for additional regulatory disclosures for each credit rating.,1
"MOODY'S adopts all necessary measures so that the information it uses in assigning a credit rating is of sufficient quality and from sources MOODY'S considers to be reliable including, when appropriate, independent third-party sources.",1
"While these incentives are clear, a future government may try to test the willingness of the European Commission and ECB to strictly enforce this conditionality.",0
"MF1 REIT II-A, L.L.C will act as advancing agent.",0
Please refer to Moody's Policy for Designating and Assigning Unsolicited Credit Ratings available on its website https://ratings.moodys.com.,1
"Founded in 1938, PEMEX is Mexico's national oil company, with fully integrated operations in oil and gas exploration and production, refining, distribution and retail marketing, as well as petrochemicals.",0
"(“MJKK”) is a wholly-owned credit rating agency subsidiary of Moody's Group Japan G.K., which is wholly-owned by Moody’s Overseas Holdings Inc., a wholly-owned subsidiary of MCO.",1
Please see the issuer/deal page on https://ratings.moodys.com for additional regulatory disclosures for each credit rating.,1
Please refer to Moody's Policy for Designating and Assigning Unsolicited Credit Ratings available on its website https://ratings.moodys.com.,1
"(“MJKK”) is a wholly-owned credit rating agency subsidiary of Moody's Group Japan G.K., which is wholly-owned by Moody’s Overseas Holdings Inc., a wholly-owned subsidiary of MCO.",1
"For ratings issued on a program, series, category/class of debt or security this announcement provides certain regulatory disclosures in relation to each rating of a subsequently issued bond or note of the same series, category/class of debt, security or pursuant to a program for which the ratings are derived exclusively from existing ratings in accordance with Moody's rating practices.",1
Further information on the EU endorsement status and on the Moody's office that issued the credit rating is available on https://ratings.moodys.com.,1
"Strathcona's liquidity is significantly diminished by the acquisition, but is adequate.",0
"Moody's could also downgrade the ratings without a decline in the company's standalone credit profile, if Moody's further lowers its assessment of support from China Life for Sino-Ocean.",1
Moody's expects about $450 million of free cash flow through to mid-2023 using Moody's medium term price assumptions and much higher if current market prices were to persist.,1
Further information on the UK endorsement status and on the Moody's office that issued the credit rating is available on https://ratings.moodys.com.,1
Strathcona will also need to fund the deferred payments of C$400 million from September to December 2022 which Moody's expects will be funded using revolver availability and free cash flow.,1
The support assumption has considered that Sino-Ocean remains an important equity investment of China Life in the real estate sector.,0
"The Nile's flow has been affected by the decreasing rate of annual rainwater, leading to very high fresh water resource depletion rates which the government seeks to address via the installation of desalination plants and the application of strict rules for the cultivation of water-intensive crops such as rice and sugarcane.",0
Concurrently Moody's lowered Turkiye's local-currency country ceiling to B1 from Ba3 previously.,1
"New York, June 06, 2022 -- Moody's Investors Service (""Moody's"") has today assigned a foreign currency senior unsecured programme rating of (P)B1 to the Government of Jordan's global medium-term note programme.",1
"MOODY’S credit rating is an opinion as to the creditworthiness of a debt obligation of the issuer, not on the equity securities of the issuer or any form of security that is available to retail investors.Additional terms for Japan only: Moody's Japan K.K.",1
"MOODY'S adopts all necessary measures so that the information it uses in assigning a credit rating is of sufficient quality and from sources MOODY'S considers to be reliable including, when appropriate, independent third-party sources.",1
"Therefore, credit ratings assigned by MSFJ are Non-NRSRO Credit Ratings.",0
(“MSFJ”) is a wholly-owned credit rating agency subsidiary of MJKK.,0
"For ratings issued on a program, series, category/class of debt or security this announcement provides certain regulatory disclosures in relation to each rating of a subsequently issued bond or note of the same series, category/class of debt, security or pursuant to a program for which the ratings are derived exclusively from existing ratings in accordance with Moody's rating practices.",1
MSFJ is not a Nationally Recognized Statistical Rating Organization (“NRSRO”).,0
"Since 2016, and most importantly and increasingly from 2019 to 2021, the government has supported PEMEX in various ways, including capital injections, tax reductions, and early redemption of notes receivable from the government.",0
Further information on the representations and warranties and enforcement mechanisms available to investors are available on https://ratings.moodys.com/documents/PBS_1337175.,1
"In addition, Range benefits from long-lived reserves, conservative financial policies, and a high level of operational control over its reserves, enabling significant discipline over the pace of future development.",0
"Unless noted in the Regulatory Disclosures as a Non-Participating Entity, the rated entities are participating and the rated entities or their agent(s) generally provide Moody's with information for the purposes of its ratings process.",1
"Moody's general principles for assessing environmental, social and governance (ESG) risks in our credit analysis can be found at https://ratings.moodys.com/documents/PBC_1288235.",1
"New measures have been announced ever more frequently and have become increasingly unorthodox, such as the requirement for exporters to convert 40% of their export earnings into lira with the CBRT and the prohibition for banks to extend credit to firms holding material foreign-currency assets.",0
"Alternatively, please see the Rating Methodologies page on https://ratings.moodys.com for a copy of this methodology.",1
Please see the issuer/deal page on https://ratings.moodys.com for additional regulatory disclosures for each credit rating.,1
Moody's has also changed the rating outlook on Sino-Ocean and its subsidiaries to negative from ratings under review.,1
(“MSFJ”) is a wholly-owned credit rating agency subsidiary of MJKK.,0
Moody's Rating Symbols and Definitions can be found on https://ratings.moodys.com/rating-definitions.,1
(“MSFJ”) is a wholly-owned credit rating agency subsidiary of MJKK.,0
Please see https://ratings.moodys.com for any updates on changes to the lead rating analyst and to the Moody's legal entity that has issued the rating.,1
"The Global Scale Credit Rating on this Credit Rating Announcement was issued by one of Moody's affiliates outside the EU and is endorsed by Moody's Deutschland GmbH, An der Welle 5, Frankfurt am Main 60322, Germany, in accordance with Art.4 paragraph 3 of the Regulation (EC) No 1060/2009 on Credit Rating Agencies.",1
Further information on the UK endorsement status and on the Moody's office that issued the credit rating is available on https://ratings.moodys.com.,1
Further information on the EU endorsement status and on the Moody's office that issued the credit rating is available on https://ratings.moodys.com.,1
"Moody's general principles for assessing environmental, social and governance (ESG) risks in our credit analysis can be found at https://ratings.moodys.com/documents/PBC_1288235.",1
MJKK and MSFJ are credit rating agencies registered with the Japan Financial Services Agency and their registration numbers are FSA Commissioner (Ratings) No.,0
"Moody's has also affirmed Egypt's foreign-currency senior unsecured ratings at B2, and its foreign-currency senior unsecured MTN program rating at (P)B2.",1
"The Global Scale Credit Rating on this Credit Rating Announcement was issued by one of Moody's affiliates outside the EU and is endorsed by Moody's Deutschland GmbH, An der Welle 5, Frankfurt am Main 60322, Germany, in accordance with Art.4 paragraph 3 of the Regulation (EC) No 1060/2009 on Credit Rating Agencies.",1
Please see https://ratings.moodys.com for any updates on changes to the lead rating analyst and to the Moody's legal entity that has issued the rating.,1
Their BCAs have been affirmed at aa3.,1
"Alternatively, please see the Rating Methodologies page on www.moodys.com for a copy of this methodology.",1
"Because of the possibility of human or mechanical error as well as other factors, however, all information contained herein is provided “AS IS” without warranty of any kind.",0
Please refer to Moody's Policy for Designating and Assigning Unsolicited Credit Ratings available on its website https://ratings.moodys.com.,1
"In the three months ended March 31, 2022 the company produced an average of 1,755 thousand barrels of per day of crude oil (excluding partners).",0
"Sino-Ocean's standalone credit strength reflects its long operating history in the property sector, focus on operating in high-tier Chinese cities, solid access to funding and diversified products, and its recurring income contribution from its investment property portfolio.",0
Further information on the EU endorsement status and on the Moody's office that issued the credit rating is available on www.moodys.com.,1
"Moody's has also withdrawn T-Mobile's Ba1 corporate family rating, Ba1-PD probability of default rating and SGL-1 speculative grade liquidity rating.",1
"(“MJKK”) is a wholly-owned credit rating agency subsidiary of Moody's Group Japan G.K., which is wholly-owned by Moody’s Overseas Holdings Inc., a wholly-owned subsidiary of MCO.",1
"Moody's expects Range to have very good liquidity in 2022-23 as reflected by the SGL-1 Speculative Grade Liquidity Rating, underpinned by positive free cash flow generation even at mid-cycle natural gas and NGL prices.",1
"For additional information, please refer to Moody's Policy for Designating and Assigning Unsolicited Credit Ratings available on its website https://ratings.moodys.com.",1
Egypt's broad and dedicated domestic funding base helps weather tightening financing conditions.,0
"Moody's expectation of pool losses could decline as a result of better than expected improvements in the economy, changes to servicing practices that enhance collections or refinancing opportunities that result in prepayments.",1
"While Moody's expects a gradual economic slowdown in the second half of this year and into next year  the rating agency forecasts real GDP growth of 4.5% and 2% for 2022 and 2023 respectively, the risk of a sharper slowdown is material.",1
"MOODY'S adopts all necessary measures so that the information it uses in assigning a credit rating is of sufficient quality and from sources MOODY'S considers to be reliable including, when appropriate, independent third-party sources.",1
Moody’s SF Japan K.K.,1
"The central government retains control of Czech RLGs via legislation, adjustments to level of transfers, and the management of pay-raise packages for civil servants.",0
Please see the issuer/deal page on https://ratings.moodys.com for additional regulatory disclosures for each credit rating.,1
"Banks and corporates  the main borrowers abroad  have been able to roll over maturing debt during previous periods of financial stress and have not encountered any difficulties so far this year and have well-hedged foreign-currency positions, which provides a cushion against future episodes of financial stress.",0
"With this rating action, Moody's changed T-Mobile's ratings outlook to stable from positive.",1
Relatively high poverty rates and gender inequality also contribute to social risks which have been exacerbated by the large economic reform adjustment costs borne by consumers over the past few years.,0
For further information please see the issuer/deal page for the respective issuer on https://ratings.moodys.com.,1
T-Mobile also uses accounts receivable securitizations to manage the working capital swings associated with device financing plans.,0
"""The downgrade of CS's ratings reflects the challenges the group is facing in successfully executing on its previously announced repositioning of its investment bank in the more difficult macroeconomic and market environment as well as uncertainty as to the business and financial implications of the group's plans to take further steps to achieve a more stable, capital light and better aligned investment banking business,"" Moody's said in its update.",1
"Moody's based its cumulative net loss expectation on an analysis of the credit quality of the underlying collateral; the historical performance of similar collateral, including securitization performance and managed portfolio performance; the ability of Upstart to perform its servicing functions; the ability of Wilmington and its sub-agent to perform the backup servicing functions; and current expectations for the macroeconomic environment during the life of the transaction.",1
"New York, May 26, 2022 -- Moody's Investors Service (""Moody's"") has today affirmed the long-term foreign- and local-currency issuer ratings of the Government of Egypt at B2 and changed the outlook to negative from stable.",1
Further information on the representations and warranties and enforcement mechanisms available to investors are available on https://ratings.moodys.com/documents/PBS_1337175.,1
The Manager's investment decisions and management of the transaction will also affect the performance of the Rated Notes.,0
The current acquisition target is a service provider of vegetation management to electric transmission and distribution utilities in the Southern and Midwestern US.,0
"Moody's forecasts the company's debt leverage, as measured by revenue/adjusted debt, will weaken to around 55%-60% over the next 12-18 months from 68% in 2021.",1
"These rating actions were triggered by Moody's announcement on July 8, 2022 that it had downgraded its ratings on the Government of Mexico's to Baa2 from Baa1 and changed the outlook on the government's ratings to stable from negative.",1
Italy's E issuer profile score is moderately negative (E-3).,1
"Exceptions to this approach exist for the following disclosures, if applicable to jurisdiction: Ancillary Services, Disclosure to rated entity, Disclosure from rated entity.",0
"Moody's general principles for assessing environmental, social and governance (ESG) risks in our credit analysis can be found at https://ratings.moodys.com/documents/PBC_1288235.",1
Further information on the UK endorsement status and on the Moody's office that issued the credit rating is available on https://ratings.moodys.com.,1
The principal methodology used in these ratings was Sovereign Ratings Methodology published in November 2019 and available at https://www.moodys.com/researchdocumentcontentpage.aspx?docid=PBC_1158631.,1
"MOODY'S adopts all necessary measures so that the information it uses in assigning a credit rating is of sufficient quality and from sources MOODY'S considers to be reliable including, when appropriate, independent third-party sources.",1
"Moody's expects financial policies to be somewhat less aggressive following the IPO including proceeds used to reduce debt, but leverage remains high given the company's reliance on cyclical discretionary consumer spending.",1
"Therefore, credit ratings assigned by MSFJ are Non-NRSRO Credit Ratings.",0
Further information on the UK endorsement status and on the Moody's office that issued the credit rating is available on https://ratings.moodys.com.,1
MCO and Moody’s Investors Service also maintain policies and procedures to address the independence of Moody’s Investors Service credit ratings and credit rating processes.,1
Please see the issuer/deal page on https://ratings.moodys.com for additional regulatory disclosures for each credit rating.,1
"Alternatively, please see the Rating Methodologies page on https://ratings.moodys.com for a copy of this methodology.",1
"Lloyds Bank's BCA could be downgraded following (1) a deterioration of the UK operating environment beyond our current expectations, or (2) a material decline in the group's capital metrics.",0
Please see https://ratings.moodys.com for any updates on changes to the lead rating analyst and to the Moody's legal entity that has issued the rating.,1
This development results in a higher loss severity for senior debt under Moody's Advanced Loss Given Failure (LGF) analysis.,1
"Moody's general principles for assessing environmental, social and governance (ESG) risks in our credit analysis can be found at https://ratings.moodys.com/documents/PBC_1288235.",1
Moody's weights the impact on the rated instruments based on its assumptions of the likelihood of the events in such scenarios occurring.,1
"Susceptibility to event risks is broad-based and includes political risk, especially in the context of a sharp increase in food price inflation which, if not mitigated, could raise social tensions according to Moody's assessment of the relevance of social risks for sovereign credit; while rising domestic borrowing costs, if sustained, will exacerbate liquidity risks and debt affordability challenges, both long-standing weaknesses of Egypt's credit profile.",1
"Exceptions to this approach exist for the following disclosures, if applicable to jurisdiction: Ancillary Services, Disclosure to rated entity, Disclosure from rated entity.",0
"MOODY'S adopts all necessary measures so that the information it uses in assigning a credit rating is of sufficient quality and from sources MOODY'S considers to be reliable including, when appropriate, independent third-party sources.",1
"While T-Mobile's growing free cash flow can enable targeted share buybacks, Moody's expects such shareholder friendly actions will be prudent, measured and ultimately constrained by Board-enforced and company-defined debt targets.",1
"The Global Scale Credit Rating on this Credit Rating Announcement was issued by one of Moody's affiliates outside the EU and is endorsed by Moody's Deutschland GmbH, An der Welle 5, Frankfurt am Main 60322, Germany, in accordance with Art.4 paragraph 3 of the Regulation (EC) No 1060/2009 on Credit Rating Agencies.",1
"The Global Scale Credit Rating on this Credit Rating Announcement was issued by one of Moody's affiliates outside the EU and is endorsed by Moody's Deutschland GmbH, An der Welle 5, Frankfurt am Main 60322, Germany, in accordance with Art.4 paragraph 3 of the Regulation (EC) No 1060/2009 on Credit Rating Agencies.",1
A ratings upgrade would also require the company maintaining at least good liquidity and Moody's expectations of balanced financial policies that sustains credit metrics at the above levels.,1
"Despite the larger interest bill, Moody's projects the general government debt ratio to resume its downward trajectory toward 85% of GDP in 2025, after a renewed increase to 93.5% of GDP in fiscal 2022 as a result of the valuation effect from the currency depreciation.",1
For further information please see the ratings tab on the issuer/entity page for the respective issuer on www.moodys.com.,1
"The main points raised during the discussion were: The terms and conditions of the Global Medium Term Note programme and the conclusion that notes issued under the programme would rank pari passu with all other senior unsecured debt obligations of Jordan, Government of.",0
"Moody's assesses Italy's S issuer profile score as highly negative (S-4), mainly due to high demographic risks as well as risks related to labour and income.",1
"For additional information, please refer to Moody's Policy for Designating and Assigning Unsolicited Credit Ratings available on its website https://ratings.moodys.com.",1
Moody's Rating Symbols and Definitions can be found on https://ratings.moodys.com/rating-definitions.,1
Marketplace lenders have attracted elevated levels of regulatory attention at the state and federal level.,0
"Alternatively, please see the Rating Methodologies page on https://ratings.moodys.com for a copy of this methodology.",1
It is also in line with Moody's view of de minimis exit risk from the euro area.,1
"New York, July 22, 2022 -- Moody's Investors Service (""Moody's"") has today affirmed the Government of Paraguay's long-term Ba1 issuer ratings and senior unsecured bond ratings and changed the outlook to positive from stable.",1
"The South-Moravian Region's ESG Credit Impact Score neutral-to-low (CIS-2), reflecting moderately negative exposure to environmental risks, mostly low exposure to social risks and solid institutions and governance strength.",0
"© 2022 Moody’s Corporation, Moody’s Investors Service, Inc., Moody’s Analytics, Inc. and/or their licensors and affiliates (collectively, “MOODY’S”).",1
Moody's Rating Symbols and Definitions can be found on https://ratings.moodys.com/rating-definitions.,1
"Alternatively, please see the Rating Methodologies page on https://ratings.moodys.com for a copy of this methodology.",1
Further information on the UK endorsement status and on the Moody's office that issued the credit rating is available on https://ratings.moodys.com.,1
Please see the issuer/deal page on https://ratings.moodys.com for additional regulatory disclosures for each credit rating.,1
Moody's expects Sino-Ocean to maintain good liquidity.,1
Strathcona will also need to fund the deferred payments of C$400 million from September to December 2022 which Moody's expects will be funded using revolver availability and free cash flow.,1
Please see https://ratings.moodys.com for any updates on changes to the lead rating analyst and to the Moody's legal entity that has issued the rating.,1
"MOODY'S adopts all necessary measures so that the information it uses in assigning a credit rating is of sufficient quality and from sources MOODY'S considers to be reliable including, when appropriate, independent third-party sources.",1
"For further information on Moody's approach to national scale credit ratings, please refer to Moody's Credit rating Methodology published in August 2022 entitled ""Mapping National Scale Ratings from Global Scale Ratings Methodology"".",1
Moody’s SF Japan K.K.,1
"The FC ceiling at Ba3, one notch below the LC ceiling, reflects the progressive removal of remaining barriers to capital in- and outflows and a more flexible exchange rate which in Moody's view signal a low risk of transfer and convertibility restrictions, notwithstanding the tighter foreign currency liquidity environment.",1
"Concurrently, Moody's has affirmed their long-term issuer ratings.",1
"For ratings issued on a program, series, category/class of debt or security this announcement provides certain regulatory disclosures in relation to each rating of a subsequently issued bond or note of the same series, category/class of debt, security or pursuant to a program for which the ratings are derived exclusively from existing ratings in accordance with Moody's rating practices.",1
Moody's expects investment in a pulp mill project to materially increase FDI inflows over the next 2-3 years and projects they will rise to 4% of GDP from 1.2% in 2022.,1
Please see www.moodys.com for any updates on changes to the lead rating analyst and to the Moody's legal entity that has issued the rating.,1
Please see https://ratings.moodys.com for any updates on changes to the lead rating analyst and to the Moody's legal entity that has issued the rating.,1
"Headquartered in Mount Airy, North Carolina, Pike Corporation provides installation, repair and maintenance and storm restoration services for investor-owned, municipal, and cooperative electric utilities and telecommunications companies in the United States.",0
"Moody's expectation of pool losses may increase, for example, due to performance deterioration stemming from a downturn in the US economy, deficient servicing, errors on the part of transaction parties, inadequate transaction governance or fraud.",1
"The government has announced its intention to reform the pension system, which Moody's thinks could free up liquidity to meet the 2023 bond payment.",1
"El Salvador's geography is dominated by a region known as the Dry Corridor, characterized by heavy precipitation events that lead to flooding and landslides and occasional droughts.",0
"For ratings issued on a program, series, category/class of debt or security this announcement provides certain regulatory disclosures in relation to each rating of a subsequently issued bond or note of the same series, category/class of debt, security or pursuant to a program for which the ratings are derived exclusively from existing ratings in accordance with Moody's rating practices.",1
"Traeger's rating also reflects its solid market position within the niche wood pellet grill industry, and its strong brand image supported by its good track record of product innovation.",0
For further information please see the issuer/deal page for the respective issuer on https://ratings.moodys.com.,1
"Credit Suisse shares slipped on Wednesday after Goldman Sachs downgraded the stock to ""sell"" following credit rating downgrades from Moody's and S&P.",1
"In Moody's assessment, the coverage of this net liability position with foreign exchange reserves to buttress banks' counterparty risk standing reduces the amount of usable reserves to meet renewed external shocks.",1
There could also be second-round effects from Italy's reliance on gas for electricity generation.,0
The principal methodology used in these ratings was Independent Exploration and Production published in August 2021 and available at https://ratings.moodys.com/api/rmc-documents/74836.,1
"Alternatively, please see the Rating Methodologies page on https://ratings.moodys.com for a copy of this methodology.",1
"For full details, please refer to the sovereign press release at: https://www.moodys.com/research/--PR_467883.",1
"According to the transaction documents available to Moody's, the payment obligations associated with notes issued under the programme will be direct, unsecured obligations of the Government of Jordan and rank pari passu with all its other unsecured and unsubordinated obligations.",1
The ratings of Lloyds Banking Group could also be downgraded following a reduction in its stock of externally issued unsecured debt.,0
"PEMEX has a very highly negative exposure to environmental risk (E-5 Issuer Profile Score) mainly driven by very high carbon transition risk, high natural capital risk, high water management risk, and high waste and pollution risk.",0
"Despite Sino-Ocean's status as a holding company, Moody's expects support from China Life to Sino-Ocean to flow through the holding company rather than directly to its main operating companies, mitigating potential differences in expected losses that could arise from structural subordination.",1
"Moody's expects the company will rapidly upgrade or decommission all legacy Sprint network tower sites by year-end 2022, with a meaningful pick-up in this activity beginning in the second half of 2022.",1
"Together with the set of modeling assumptions above, Moody's conducted an additional sensitivity analysis, which was a component in determining the ratings assigned to the Rated Notes.",1
Further information on the representations and warranties and enforcement mechanisms available to investors are available on https://ratings.moodys.com/documents/PBS_1337591.,1
Moody’s SF Japan K.K.,1
"For ratings issued on a program, series, category/class of debt or security this announcement provides certain regulatory disclosures in relation to each rating of a subsequently issued bond or note of the same series, category/class of debt, security or pursuant to a program for which the ratings are derived exclusively from existing ratings in accordance with Moody's rating practices.",1
"Therefore, credit ratings assigned by MSFJ are Non-NRSRO Credit Ratings.",0
"Moody's expects that T-Mobile's debt leverage (Moody's adjusted) will fall to near 3.7x by year-end 2022 on a before merger related/Covid-19 costs basis, even after factoring in debt leverage impacts (Moody's adjusted) from potential future debt-funded spectrum investments.",1
Please refer to Moody's Policy for Designating and Assigning Unsolicited Credit Ratings available on its website https://ratings.moodys.com.,1
"Exceptions to this approach exist for the following disclosures, if applicable to jurisdiction: Ancillary Services, Disclosure to rated entity, Disclosure from rated entity.",0
"Traeger, Inc. is the indirect parent of TGP Holdings III LLC, and its common stock is listed under the ticker symbol ""COOK"".",0
"Significantly weaker economic growth or a more rapid increase in Italy's borrowing costs would likely challenge debt sustainability if, as Moody's expects, Italy continues to run primary deficits until at least 2024.",1
Moody's expects a material weakening of Turkiye's public finances this year.,1
"For ratings issued on a program, series, category/class of debt or security this announcement provides certain regulatory disclosures in relation to each rating of a subsequently issued bond or note of the same series, category/class of debt, security or pursuant to a program for which the ratings are derived exclusively from existing ratings in accordance with Moody's rating practices.",1
"Supply chain and operational challenges are expected to continue to constrain inventory levels leading to further market share erosion as inflation in food and energy costs weigh on discretionary income,"" said Christina Boni, Moody's Senior Vice President.",1
The principal methodology used in this rating was Sovereign Ratings Methodology published in November 2019 and available at https://ratings.moodys.com/api/rmc-documents/63168.,1
Moody's median cumulative net loss expectation for the 2022-4 pool is 16.9% and the stress loss is 58.0%.,1
Please refer to Moody's Policy for Designating and Assigning Unsolicited Credit Ratings available on its website https://ratings.moodys.com.,1
For further information please see the issuer/deal page for the respective issuer on https://ratings.moodys.com.,1
Please refer to Moody's Policy for Designating and Assigning Unsolicited Credit Ratings available on its website https://ratings.moodys.com.,1
Please see https://ratings.moodys.com for any updates on changes to the lead rating analyst and to the Moody's legal entity that has issued the rating.,1
"MOODY’S credit rating is an opinion as to the creditworthiness of a debt obligation of the issuer, not on the equity securities of the issuer or any form of security that is available to retail investors.Additional terms for Japan only: Moody's Japan K.K.",1
MSFJ is not a Nationally Recognized Statistical Rating Organization (“NRSRO”).,0
"At the same time, Moody's has downgraded (1) to Ba1 from Baa3, the senior unsecured ratings on the bonds issued by Sino-Ocean Land Treasure Finance I Limited, Sino-Ocean Land Treasure Finance II Limited and Sino-Ocean Land Treasure IV Limited, and guaranteed by Sino-Ocean; and (2) to Ba3 from Ba2, the rating on the subordinated, guaranteed perpetual capital securities issued by Sino-Ocean Land Treasure III Limited and guaranteed on a subordinated basis by Sino-Ocean.",1
"Moody's based its cumulative net loss expectation on an analysis of the credit quality of the underlying collateral; the historical performance of similar collateral, including securitization performance and managed portfolio performance; the ability of Upstart to perform its servicing functions; the ability of Wilmington and its sub-agent to perform the backup servicing functions; and current expectations for the macroeconomic environment during the life of the transaction.",1
Strathcona is majority owned by private equity firm Waterous Energy Fund.,0
MJKK and MSFJ are credit rating agencies registered with the Japan Financial Services Agency and their registration numbers are FSA Commissioner (Ratings) No.,0
The publication of this rating action deviates from the previously scheduled release dates in the EU sovereign calendar published on www.moodys.com.,1
Please see the issuer/deal page on https://ratings.moodys.com for additional regulatory disclosures for each credit rating.,1
"Exceptions to this approach exist for the following disclosures, if applicable to jurisdiction: Ancillary Services, Disclosure to rated entity, Disclosure from rated entity.",0
"The embattled Swiss lender's shares were down slightly by early afternoon trade in London, having recouped some of their earlier losses, and remain down more than 42% year-to-date, as new CEO Ulrich Koerner takes the reins following the resignation of Thomas Gottstein last week.",0
Moody's Rating Symbols and Definitions can be found on https://ratings.moodys.com/rating-definitions.,1
MJKK and MSFJ are credit rating agencies registered with the Japan Financial Services Agency and their registration numbers are FSA Commissioner (Ratings) No.,0
"© 2022 Moody’s Corporation, Moody’s Investors Service, Inc., Moody’s Analytics, Inc. and/or their licensors and affiliates (collectively, “MOODY’S”).",1
"Exceptions to this approach exist for the following disclosures, if applicable to jurisdiction: Ancillary Services, Disclosure to rated entity, Disclosure from rated entity.",0
"""The rating downgrades reflect our expectation that support from China Life Insurance Co Ltd (China Life, insurance financial strength rating A1 stable), Sino-Ocean's largest shareholder, will reduce over time, as the deterioration in China's property market would reduce Sino-Ocean's economic and strategic importance to China Life,"" says Cedric Lai, a Moody's Vice President and Senior Analyst.",1
"Moody's views network investments, including spectrum investments, as supportive of the business profile.",1
"Moody's general principles for assessing environmental, social and governance (ESG) risks in our credit analysis can be found at https://ratings.moodys.com/documents/PBC_1288235.",1
"However, Moody's expects the importance of real estate investment as an asset class for China Life would reduce over the next 12-18 months given the sector's high volatility.",1
"Goldman Sachs noted on Tuesday that Credit Suisse has underperformed the rest of the sector by 59% since the start of 2021, due to company-specific events and industry-wide obstacles to revenue.",0
The principal methodology used in these ratings was Construction published in September 2021 and available at https://ratings.moodys.com/api/rmc-documents/74957.,1
"Moody's general principles for assessing environmental, social and governance (ESG) risks in our credit analysis can be found at https://ratings.moodys.com/documents/PBC_1288235.",1
"Moody's general principles for assessing environmental, social and governance (ESG) risks in our credit analysis can be found at https://ratings.moodys.com/documents/PBC_1288235.",1
MSFJ is not a Nationally Recognized Statistical Rating Organization (“NRSRO”).,0
Moody's forecasts debt-to-GDP to stand at 145% down from 151% in 2021 but about 11 percentage points higher than before the pandemic.,1
For further information please see the ratings tab on the issuer/entity page for the respective issuer on www.moodys.com.,1
"Alternatively, please see the Rating Methodologies page on https://ratings.moodys.com for a copy of this methodology.",1
"Because of the possibility of human or mechanical error as well as other factors, however, all information contained herein is provided “AS IS” without warranty of any kind.",0
Moody's expects Range to maintain ample cushion under its financial covenants.,1
The stable outlook on PEMEX's ratings is based on Moody's expectation that the company's business strategy and financial profile will remain unchanged in the next 12-18 months; it also considers the current stable outlook on Mexico's ratings.,1
Please refer to Moody's Policy for Designating and Assigning Unsolicited Credit Ratings available on its website https://ratings.moodys.com.,1
Moody's considers this a Governance driver under its ESG framework.,1
(“MSFJ”) is a wholly-owned credit rating agency subsidiary of MJKK.,0
Moody's Rating Symbols and Definitions can be found on https://ratings.moodys.com/rating-definitions.,1
Further information on the EU endorsement status and on the Moody's office that issued the credit rating is available on https://ratings.moodys.com.,1
"For euro-area countries, a six-notch gap between the local currency ceiling and the local currency rating as well as a zero-notch gap between the local-currency ceiling and foreign-currency ceiling is typical, reflecting benefits from the euro area's strong common institutional, legal and regulatory framework, as well as liquidity support and other crisis management mechanisms.",0
Please see https://ratings.moodys.com for any updates on changes to the lead rating analyst and to the Moody's legal entity that has issued the rating.,1
Please see the issuer/deal page on https://ratings.moodys.com for additional regulatory disclosures for each credit rating.,1
Please see https://ratings.moodys.com for any updates on changes to the lead rating analyst and to the Moody's legal entity that has issued the rating.,1
Please refer to Moody's Policy for Designating and Assigning Unsolicited Credit Ratings available on its website https://ratings.moodys.com.,1
Please see the issuer/deal page on https://ratings.moodys.com for additional regulatory disclosures for each credit rating.,1
MSFJ is not a Nationally Recognized Statistical Rating Organization (“NRSRO”).,0
Further information on the EU endorsement status and on the Moody's office that issued the credit rating is available on https://ratings.moodys.com.,1
"""The affirmation and maintenance of the positive outlook reflects Strathcona's sizable production and reserve base pro forma for the complimentary Serafina acquisition,"" said Moody's analyst Paresh Chari.",1
"Moody's changed CS's ESG Credit Impact Score to CIS-5 (very highly negative) from CIS-4 (highly negative), whereby its governance risks have a very highly negative impact on current ratings.",1
"According to Moody's latest forecasts, consumer price inflation will still stand at close to 70% at year-end.",1
"Moody's National Scale Credit Ratings (NSRs) are intended as relative measures of creditworthiness among debt issues and issuers within a country, enabling market participants to better differentiate relative risks.",1
Further information on the UK endorsement status and on the Moody's office that issued the credit rating is available on https://ratings.moodys.com.,1
"Moody's general principles for assessing environmental, social and governance (ESG) risks in our credit analysis can be found at https://ratings.moodys.com/documents/PBC_1288235.",1
"As a second step, Moody's estimates expected collateral losses or cash flows using a quantitative tool that takes into account credit enhancement, loss allocation and other structural features, to derive the expected loss for each rated instrument.",1
Traeger's relies on raw materials primarily steel as part of the manufacturing process of its products.,0
"Moody's general principles for assessing environmental, social and governance (ESG) risks in our credit analysis can be found at https://ratings.moodys.com/documents/PBC_1288235.",1
For further information please see the issuer/deal page for the respective issuer on https://ratings.moodys.com.,1
"The Global Scale Credit Rating on this Credit Rating Announcement was issued by one of Moody's affiliates outside the EU and is endorsed by Moody's Deutschland GmbH, An der Welle 5, Frankfurt am Main 60322, Germany, in accordance with Art.4 paragraph 3 of the Regulation (EC) No 1060/2009 on Credit Rating Agencies.",1
"The Global Scale Credit Rating on this Credit Rating Announcement was issued by one of Moody's affiliates outside the EU and is endorsed by Moody's Deutschland GmbH, An der Welle 5, Frankfurt am Main 60322, Germany, in accordance with Art.4 paragraph 3 of the Regulation (EC) No 1060/2009 on Credit Rating Agencies.",1
For further information please see the issuer/deal page for the respective issuer on https://ratings.moodys.com.,1
"The Global Scale Credit Rating on this Credit Rating Announcement was issued by one of Moody's affiliates outside the EU and is endorsed by Moody's Deutschland GmbH, An der Welle 5, Frankfurt am Main 60322, Germany, in accordance with Art.4 paragraph 3 of the Regulation (EC) No 1060/2009 on Credit Rating Agencies.",1
"Alternatively, please see the Rating Methodologies page on https://ratings.moodys.com for a copy of this methodology.",1
For further information please see the issuer/deal page for the respective issuer on https://ratings.moodys.com.,1
"The action also considered PEMEX's high debt maturities in 2022-24 and Moody's expectations for continued negative free cash flow and the need for large amounts of external funding given persistent loses at the company's refining business, the necessity to maintain capex at least at current levels to sustain production and reserves stable, and high interest expenses.",1
For further information please see the issuer/deal page for the respective issuer on https://ratings.moodys.com.,1
"Concurrently, Moody's has lowered El Salvador's foreign-currency country ceiling to Caa1 from B2, maintaining the existing two-notch gap between the sovereign rating and the foreign-currency ceiling to reflect the low predictability of institutions and government policies, weak policy effectiveness and the government's relatively large share in the country's total external debt.",1
"Therefore, credit ratings assigned by MSFJ are Non-NRSRO Credit Ratings.",0
"Specifically, Moody's forecasts Sino-Ocean's contracted sales will decline around 25% to around RMB100 billion in 2022, from around RMB136 billion in 2021 due in part to a higher base in the second half of last year.",1
"Moody's expectation of pool losses may increase, for example, due to performance deterioration stemming from a downturn in the US economy, deficient servicing, errors on the part of transaction parties, inadequate transaction governance or fraud.",1
Further information on the EU endorsement status and on the Moody's office that issued the credit rating is available on https://ratings.moodys.com.,1
"New York, May 16, 2022 -- Moody's Investors Service, (""Moody's"") downgraded Bed Bath & Beyond Inc.'s (""Bed Bath"") corporate family rating (""CFR"") to B2 from B1, its probability of default rating to B2-PD from B1-PD and its senior unsecured notes rating to B3 from B2.",1
