"""This helps us generate more spread than others.""",0
"When the merger closes, Woodward Chairman, CEO and President Tom Gendron will become executive chairman while Hexcel president and CEO Nick Stanage will become CEO of the combined company.",1
"Upon closing of the transaction, which is expected in the fourth quarter of 2022, RADA will become a wholly-owned subsidiary of Leonardo DRS.",1
Shares of Pine Technology Acquisition Corp. fell 1.5% in premarket trades.,1
"Orlando, FL and Houston, TX, Jan. 31, 2022 (GLOBE NEWSWIRE) -- Kalera AS (“Kalera”), one of the preeminent leafy green vertical farming companies and a leader in plant science for producing high-quality produce in controlled environments, and Agrico Acquisition Corp., a special purpose acquisition company (SPAC), today jointly announced that they have entered into a definitive merger agreement.",1
"Asked why Group Nine Media chose a merger rather than a sale to a larger company, Lerer said he looked around and chose the best long-term option.",1
"Additionally, North Mountain will file other relevant materials with the SEC in connection with the Transaction.",1
The two companies hosted a press conference on Thursday following the New Mexico Public Regulation Commission’s discussion the previous day regarding a hearing examiner’s recommendation that the commission deny the merger.,1
"The PUC left the door open to future merger applications, outlining the conditions upon which the deal could be approved.",1
"We believe there is significant runway for growth opportunities within our existing customer base as well as through untapped opportunities such as new customer wins, new product innovation, international expansion, and strategic acquisitions,"" said Douglas W. Clark, Founder, Chairman, and CEO of Corcentric.",0
"BENGALURU, May 6 (Reuters) - Indian conglomerate Larsen & Toubro will merge its Mindtree Ltd (MINT.NS) and L&T Infotech (LRTI.NS) software units to create a $17.69 billion company, building scale to compete for larger deals in a booming market for IT services since the pandemic.",1
"The deal, to be announced officially on Monday, would form a coast-to-coast behemoth with a leading presence in the top domestic markets, including New York, Chicago and Los Angeles, along with an extended network to Asia, Latin America and Europe.",1
"“Ahold and Delhaize Group would like to stress that while they are in the final stages of negotiations, no definitive agreement on a transaction has been reached.",1
"Previously, Great Plains had proposed buying Westar and making it a subsidiary, using around $8 billion of borrowing: a level of debt with which the Kansas regulator was unhappy.",1
"AccorHotels purchased the Fairmont, Raffles, and Swissôtel brands this year.",1
"The deal comes at a time when the U.S. electric utility industry has been seeing a lot of merger activity in the last few years, with the broad trend of change driving many of those acquisitions.",1
"SPACs are publicly listed companies raised with the intention of merging with a private company, which goes public through the merger and is seen as an alternative to an IPO.",1
"T-Mobile and Sprint assume no obligation to update or revise the information contained in this communication (whether as a result of new information, future events or otherwise), except as required by applicable law.",0
"The combined entity will also boast 2P (proven and probable) reserves of over 2 billion boe comprising 59% gas, and 41% liquids, the companies said.",1
"Australia's first online-only bank, which had targeted a similar market, shut down on June 29 because of difficulties raising funds.",0
Renegade (2014): Jeep’s compact SUV is getting a plug-in hybrid version for Europe and North America in 2020.,0
"As agreed in the initial merger proposal last May, Discovery gets six designated board members and AT&T gets seven.",1
"If both companies, however, do not formally undergo a change of control, the spin-offs can be tax-free.",0
FBL Financial Group will cease to trade on the New York Stock Exchange as part of a similar merger with Farm Bureau Property & Casualty.,1
"By the time the deal closes, United Technologies is expected to have finished spinning off its Otis and Carrier businesses — a move that was announced previously as part of a focus on aerospace and engines.",1
"“This isn’t justice with a blindfold on, right?” he said.",0
Our advanced nationwide 4G LTE network delivers outstanding wireless experiences to 86.0 million customers who are unwilling to compromise on quality and value.,0
"“As the world shifts to a more sustainable economy and more companies and governments set their sustainability and ESG goals, the first step in achieving these objectives is measurement.",0
"On April 29, 2018, T-Mobile announced it would try again with Sprint.",1
"William Curry, Dow’s chief tax officer, played a key role in structuring the tax aspects of the deal with DuPont, according to the sources.",1
"By its nature, FLI involves a variety of assumptions, which are based upon factors that may be difficult to predict and that may involve known and unknown risks and uncertainties and other factors which may cause actual results and outcomes to differ materially from those expressed or implied by these FLI, including, but not limited to, the following: the occurrence of any event, change or other circumstances that could give rise to the right of one or both of the parties to terminate the merger agreement; the timing and completion of the transaction, including receipt of regulatory approvals and RADA stockholder approval and the satisfaction of other conditions precedent; the realization of anticipated benefits and synergies of the transaction and the timing thereof; the success of integration plans; the risk that any announcements relating to the proposed transaction could have adverse effects on the market price of RADA; the focus of management time and attention on the transaction and other disruptions arising from the transaction; the volatility of the international marketplace; DRS’s anticipated public listing on the NASDAQ and Tel-Aviv Stock Exchange upon the anticipated closing of the transaction; potential adverse reactions or changes to business, government or employee relationships, including those resulting from the announcement or completion of the transaction; general U.S., Israeli and global social, economic, political, credit and business conditions; changes in laws; regulations and government policies; changes in taxes and tax rates; customer, stockholder, regulatory and other stakeholder approvals and support; material adverse changes in economic and industry conditions; the pandemic created by the outbreak of COVID-19 and resulting effects on economic conditions; the ramifications of the Russia-Ukraine conflict, and other risks and uncertainties listed in DRS’s filings or RADA’s filings with the SEC, including under the heading “Risk Factors” in DRS’s most recently filed Annual Report on Form 10-K as such risk factors may be amended, supplemented or superseded from time to time by other filings with the SEC and under the heading “Risk Factors” in RADA’s most recently filed Annual Report on Form 20-F as such risk factors may be amended, supplemented or superseded from time to time.",1
"Chinese authorities gave their final approval last week, clearing the way for the merger to be finalized.",1
The video game industry is in the middle of a gold rush of acquisitions.,1
"""By joining forces, we will have unsurpassed technology and expanded R&D capabilities,"" Hayes said.",1
Executives for both companies hope that the merger will create a stock price that's greater than the current combined value of Apollo and Athene.,1
The companies underscore that their deal would combine two entities that don't directly compete in a so-called vertical merger.,1
"16 on last year's CNBC Disruptor 50 list, delivers an array of digital services such as transportation, food delivery, hotel bookings, online banking, mobile payments and insurance services from its app — thus the ""super app"" title.",0
"“The studio suffered over $1 billion in losses,” said Jeffrey Sonnenfeld, a professor at the Yale School of Management.",0
"NEW YORK (Reuters) - The tax-free treatment of the spin-offs Dow Chemical Co and DuPont plan to carry out after they merge their businesses is a prime driver of the deal, potentially saving tens of billions of dollars, industry experts said.",1
Nevada casinos were closed for several months before being allowed to reopen starting on June 4.,0
"No offering of securities shall be made except by means of a prospectus meeting the requirements of Section 10 of the Securities Act of 1933, as amended.",0
"""This is a more expensive deal, at 17 times price-to-earnings, than the deal for Virgin America at 15.5 times,"" Syth said, referring to the bidding war in 2016 between Alaska Air Group Inc (ALK.N) and JetBlue that ended with Alaska buying Virgin America in a $2.6 billion deal.",1
"Then Chinese regulatory authorities, whose approval Marriott needed for the merger in order to operate properties in that coveted market, requested an extension of the review process.",1
The companies' competitors and consumer interest groups are worried that AT&T would use Time Warner's programming as a bargaining chip.,1
"“We did want to deliver real benefits to our customers immediately,” Marriott CEO Arne Sorenson, who is leading the combined company, said during an interview with USA TODAY prior to the close.",1
Some critics of the deal said they were not satisfied by the terms disclosed Tuesday.,1
"Regulators thwarted its attempts to sell to Walgreens Boots Alliance, forcing them to whittle down a sale of Rite Aid's entire 4,600 store footprint to just 1,932 locations.",1
"Although we believe that the FLI is reasonable based on the information available today and processes used to prepare it, such statements are not guarantees of future performance and you are cautioned against placing undue reliance on FLI.",0
"A Definitive Feasibility Study for Tumas is on track for completion by end of 2022, and Deep Yellow said it will work with Vimy's technical team on elements of process that may be incorporated from Mulga Rock.",0
"Viacom-CBS still will continue to be a relative small fry — unless it combines with other independent studios, such as Sony Pictures Entertainment or a major telecommunications company like Verizon or T-Mobile.",1
"The merger, which would have made the combined entity the largest pay-TV operator in the U.S., had garnered a lot of negative attention since it was announced in February of 2014.",1
The business combination is anticipated to be tax free for RADA and Leonardo DRS shareholders.,1
"FLI is typically identified by words such as “anticipate”, “expect”, “project”, “estimate”, “forecast”, “plan”, “intend”, “target”, “believe”, “likely”, “seek”, “aim”, “project” and similar words suggesting future outcomes or statements regarding an outlook.",0
Regulators also outlined stipulations for any future merger or acquisition proposal.,1
"Hometown International — the New Jersey company valued at more than $100 million on the stock market despite running just a single deli — is in fact a shell company that’s part of a complex, international reverse-merger plan, according to a report.",1
"Viacom Chief Executive Bob Bakish will become president and chief executive of the new entity, and gain a seat on the board.",1
Actual events and circumstances are difficult or impossible to predict and will differ from assumptions.,0
"Canadian Pacific and Kansas City Southern announced plans on Sunday to combine in a $29 billion deal that would create the first railroad network connecting the United States, Mexico and Canada.",1
"In the interview, a reporter asked Ballhaus whether Blackboard would disappear as a company and a brand.",0
"A definitive proxy statement/prospectus will also be sent to the stockholders of Agrico and Kalera, seeking required stockholder approval.",1
But the T-Mobile case stands out because the company’s executives were expected at the hotel so soon after announcing they needed a win in Washington.,0
"At least some Justice Department staff members seemed open to the idea, according to two people familiar with the government review.",0
Bayer said it expects to complete the merger by midsummer.,1
"Rite Aid also said Wednesday that its board is ""evaluating governance changes at the company.""",0
"These risks and uncertainties include, but are not limited to, ability to meet the closing conditions to the Transaction, including approval by stockholders of North Mountain and Corcentric on the expected terms and schedule and the risk that regulatory approvals required for the Transaction are not obtained or are obtained subject to conditions that are not anticipated; delay in closing the Transaction; failure to realize the benefits expected from the proposed Transaction; a decline in the price of our securities following the Transaction if it fails to meet the expectations of investors or securities analysts; the amount of redemption requests made by North Mountain's public stockholders; the ability of North Mountain or the combined company to issue equity or equity-linked securities in connection with the Transaction or in the future; the effects of pending and future legislation; risks related to disruption of management time from ongoing business operations due to the proposed Transaction; business disruption following the Transaction; risks related to the impact of the COVID-19 pandemic on the financial condition and results of operations of North Mountain and Corcentric; risks related to North Mountain's or Corcentric's indebtedness; other consequences associated with mergers, acquisitions, and divestitures and legislative and regulatory actions and reforms; Corcentric's ability to maintain its current rate of growth; adjusting Corcentric's cost structure to quickly reflect changes in revenues; maintenance and renewal of customer contracts and subscriptions; competition in the software and payments solutions industries; Corcentric's ability to raise additional capital; reliance on Corcentric's relationships with service providers and suppliers; the successful integration of potential targets, products, or technologies; Corcentric's ability to improve its operational, financial, and management controls; Corcentric's failure to offer high-quality customer support; Corcentric's ability to maintain its revenues and margins while offering discounts for its private commerce network buyers and suppliers; Corcentric's failure to maintain and enhance awareness of its brand; Corcentric's failure to maintain contracts with private commerce network solutions buyers and suppliers; increased costs associated with being a public company; the unpredictable sales cycles of Corcentric's end markets; risks associated with Corcentric's brokerage activities as sellers of capital equipment; cybersecurity incidents; ability to prevent fraudulent activities by Corcentric's customers, employees, or other third parties; potential interruptions or delays in third-party services; protection of proprietary rights; intellectual property infringement, data protection, and other losses; compliance with federal, state, and local laws as well as statutory and regulatory requirements; risks of implementing controls and procedures required for public companies following the Transaction; and the ability of Corcentric or the combined Company to issue equity or equity-linked securities with the proposed business combination or in the future; and those factors discussed in North Mountain's Form 10-K/A for the year ended December 31, 2020, under Risk Factors in Part I, Item 1A and other documents of North Mountain filed, or to be filed, with the SEC.",1
The vast majority of public input has urged the PRC to reject the merger.,1
The difference in design and technology between the Astra and the Corsa demonstrates how the brand evolved under Peugeot's ownership.,0
That product is growing.,0
"There had been indications in the last few days that the deal would find it difficult to get the required regulatory approvals, with staff attorneys at the U.S. Justice Department's antitrust division stating that they were nearing a recommendation to block the deal, and the FCC staff recommending a procedural move that would put the merger in jeopardy.",1
"While the companies are tied together, some investors wonder how badly Apollo's business would be damaged if somehow Athene split away.",0
"“We believe that mutually terminating the merger agreement with Sezzle at this time is in the best interests of Zip and its shareholders, and will allow Zip to focus on its strategy and core business in the current environment,” Zip Chair Diane Smith-Gander said.",1
"""This is a vertical merger; it is not a horizontal merger.",1
"The merger is the first consolidation between two NIL organizations focused on the same institution, said Rising Spear CEO Matthew Quigley.",1
"“We think we’re advantaged and our customers are advantaged by having more choice, not less,” he said.",0
North Mountain and Corcentric anticipate that subsequent events and developments will cause their assessments to change.,0
"For example, according to the company’s Web site, it has dozens of collaborative projects with the National Institutes for Health.",0
"Factors that may cause such differences include, but are not limited to: (1) the occurrence of any event, change or other circumstances that could give rise to the termination of the Agreement; (2) the lack of a third party valuation in determining whether the proposed transaction is fair to dMY IV’s stockholders from a financial point of view; (3) the outcome of any legal proceedings that may be instituted against dMY IV and Planet following the announcement of the Agreement and the transactions contemplated therein; (4) the inability to complete the proposed business combination, including due to failure to obtain approval of the stockholders of dMY IV or Planet, certain governmental or regulatory approvals, the satisfaction of the minimum trust account amount following redemption by dMY IV’s public stockholders, or satisfy other conditions to closing in the Agreement; (5) the occurrence of any event, change or other circumstance that could give rise to the termination of the Agreement or could otherwise cause the transaction to fail to close; (6) the impact of COVID-19 on Planet’s business and/or the ability of the parties to complete the proposed business combination; (7) the inability to obtain or maintain the listing of the combined company’s shares of Class A common stock on the New York Stock Exchange following the proposed business combination; (8) the risk that the proposed business combination disrupts current plans, operations, business relationships, performance and business generally as a result of the announcement and consummation of the proposed business combination; (9) the ability to recognize the anticipated benefits of the proposed business combination, which may be affected by, among other things, competition, the ability of Planet to grow and manage growth profitably, maintain relationships with customers and suppliers, and retain its management and key employees; (10) costs related to the proposed business combination; (11) changes in applicable laws or regulations; (12) the ability to implement business plans, forecasts, and other expectations after the completion of the proposed transaction, and identify and realize additional opportunities; (13) the possibility that Planet or dMY IV may be adversely affected by other economic, business, and/or competitive factors; and (14) other risks and uncertainties indicated from time to time in the proxy statement/prospectus relating to the proposed business combination, including those under “Risk Factors” therein, and in dMY IV’s other filings with the SEC.",1
The deal will need approval from the SEC and SPAC shareholders.,1
"John Malone, a billionaire and widely respected media veteran, is one of the key Discovery choices and had long advocated for the merger with WarnerMedia.",1
ViacomCBS will be worth about $30 billion.,1
"The aging seventh-generation Golf led the market with 445,754 sales.",0
"The government’s complaint argued that the combined companies would “eliminate substantial head-to-head competition and likely lead to higher prices and less innovation.” It said the companies dominated markets for risk and reinsurance brokering, health and pension benefits brokering, actuarial services for employer benefit programs and private exchanges that offer retiree benefits.",1
"The company projects it will make $50 million in revenue this year and just under $300 million of the $1 billion valuation will be in cash, raised partly by FaZe Clan and partly by B. Riley Financial.",0
"The deal is made up of $200 million in cash and $100 million of equity in BuzzFeed, the company said.",1
The deal would have involved Comcast-NBCUniversal spinning off the NBCUniversal media portion of the company to merge with Electronic Arts.,1
The companies said in a joint statement that they expected at least $400 million in annual cost savings from the all-stock deal by 2019.,1
"The company's media arm, NBCUniversal grew 7.5% last year and reported revenues in excess of $25 billion.",0
"You should carefully consider the foregoing factors and the other risks and uncertainties described in the “Risk Factors” section of dMY IV’s Quarterly Reports on Form 10-Q, the Registration Statement and proxy statement/prospectus discussed above and other documents filed by dMY IV from time to time with the SEC.",0
"Agrium has a big presence among farm-retail chains, enabling it to produce more stable earnings than wholesale fertilizer, according to a Sept. 1 report by Fitch Ratings after word of preliminary talks between the two companies came out.",1
"CBS, which is the larger of the two companies and worth $18.5 billion, will absorb the smaller Viacom, which owns such assets as BET, Comedy Central and the Paramount Pictures movie studio in Hollywood.",1
"This is going to be an opportunity for our talent to earn the right to have a more fruitful career, to be able to be involved in many more things.",0
She installed Bakish as chief executive of Viacom.,1
"Critics have argued the deal provides Albertsons' private equity owner, Cerberus Capital Management, a vehicle to take the company public without rewarding Rite Aid shareholders in turn.",1
"The registration statement and prospectus and other documents filed or furnished by DRS and RADA with the SEC, when filed, will be available free of charge at the SEC’s website at www.sec.gov.",0
"The combination would help Potash, which produces half the potash in North America, reduce its exposure to volatile prices for the potassium product.",1
Citi is advising Telenor and JPMorgan is advising CP Group.,1
"In year one, New T-Mobile will have more than 3,500 additional full-time U.S. employees than the standalone companies would have had, and 11,000 more people by 2024.",1
"The agency has been particularly focused on the validity of the financial projections these companies made when they announced the mergers, as well as any claims they made about the preorders collected for their vehicles.",1
Three of the five commissioners stated during the Wednesday meeting that they oppose the merger and believe that the potential harms to the customers outweigh the benefits.,1
It's said to be facing possible acquisition efforts from other private equity firms.,1
"CEO Randall Stephenson says the company's customers are demanding ""more and more premium content"" for their mobile devices — and they want it created, formatted and curated in a way specifically set up for mobility.",0
"William Ackman, founder and CEO of hedge fund Pershing Square Capital Management, speaks during the Sohn Investment Conference in New York, May 4, 2015.",0
Those entities will join Collins Aerospace (the recently acquired Rockwell Collins Inc.) and jet engine-maker Pratt & Whitney — two of United Technologies' high-revenue divisions.,1
"However, he argues that mergers also offer companies cover to nix ideas that aren’t working out.",1
Neither Rite Aid nor Albertsons will pay a break-up fee.,1
"With a larger total audience, those companies can make more money from corporate advertisers and are better positioned to compete with tech giants such as Facebook and Google — or so the thinking goes.",0
"But all that doesn’t answer the question of Hometown’s bizarre valuation of nearly $100 million despite it losing cash and doing just over $35,000 in sales over the past two years combined.",0
"The IPO market has already set an annual record for deal volume in 2021, at $171 billion, and only halfway through the year.",0
"""Athene is really good at selling fixed index annuities,"" he said.",0
"However, he said those previous cases did not have the potential harms to customers that the Avangrid and PNM merger case has.",1
Journey (2007): The midsize SUV offers three rows of seating and competes against the likes of the Hyundai Santa Fe and Kia Sorento.,0
Other Des Moines-based life insurance companies are going through shake-ups driven by stock prices.,0
“I think it would create a major grocery store chain.,1
"Manoj Jain, an alumnus of Credit Suisse and co-chief investment officer of the Hong Kong-based hedge fund Maso, confirmed to the Times that the firm still plans to execute a merger with Hometown.",1
"Blackboard was for many years the dominant provider of learning management systems, though competitors such as Instructure (maker of Canvas) and D2L have gained ground and, in the former's case, surpassed it.",0
The merger will bring together the two companies' complementary asset bases including the Mulga Rock uranium project in Western Australia and the Tumas project in Namibia.,1
"The merger, which was ratified overwhelmingly by the boards of both companies, requires the approval of government regulators, a process that is expected to take several months.",1
"“Robust antitrust enforcement is an essential pillar of the Justice Department’s commitment to ensuring economic opportunity and fairness for all,” said Attorney General Merrick B. Garland.",0
"""The sorry history of megamergers shows they run roughshod over the public interest,"" says former FCC commissioner and now consumer interest advocate Michael Copps.",1
"It also comes amid an investigation in Spain involving Avangrid’s parent company, Iberdrola, and corporate espionage.",0
Grow your revenue with all-in-one prospecting solutions powered by the leader in private-company data.,0
A SPAC raises money from investors through an initial public offering and then uses the cash to acquire a private company and take it public.,0
"Group Nine Media, which was formed in 2016 with substantial funding from Discovery Communications, acquired PopSugar in 2019.",1
"Spirit and Frontier, both low-fare airlines, announced a plan to merge in February.",1
"The transaction will deliver significant benefits for both Woodside and BHP shareholders by creating a long-life conventional portfolio of scale and diversity of geography, product and end markets, the companies said.",1
"“This consolidation is either about leveraging as many assets as you can to build CBS All Access into a streaming service like Disney+, or by packaging enough channels and library content together so that you can flip the company.”",1
"“We believe Monster could be less interested in Constellation’s wine & spirits business vs. the beer business in a hypothetical acquisition, given potentially lower synergies in wine and a lower topline growth profile of the business,"" said Modi.",1
Concerns about competition have grown thanks to a wave of megamergers in the agricultural industry.,1
"But it also slowed the scaling of Zip's U.S. business, in which transaction frequency concerns persist, he added.",0
"“It is fairly rare,” said Robert Willens, a corporate tax and accounting consultant.",0
Many actual events and circumstances are beyond the control of North Mountain and Corcentric.,0
"Among them, Albertsons notified Rite Aid CEO it would like him to be chief executive of the combined company, while still negotiating the deal.",1
"The most famous case where this deal structure was used was the 2007 merger of drug distributors AmerisourceBergen Corp and Kindred Healthcare Inc, which the companies used to then spin off their institutional pharmacy businesses.",1
"JetBlue also said it would commit to divesting Spirit assets in New York and Boston, markets at the heart of JetBlue’s partnership with American, known as the Northeast Alliance, in an effort to win approval from the Justice Department.",1
Not registered?,0
"Mr. Delrahim has spoken at length about how Justice Department officials should handle mergers involving two companies that don’t compete against each other, like the one between AT&T and Time Warner.",1
"May 17, 2021.",0
"Marriott will also inherit lifestyle brands such as Aloft, which will operate in the same category as Moxy and AC Hotels.",1
The Transaction has been unanimously approved by the Boards of Directors of both Corcentric and North Mountain.,1
"Meanwhile, Telenor will continue to look for merger opportunities in Asia, including in Pakistan and on a regional basis, Brekke said.",1
NBC finished the 2013-14 primetime season as the number one ranked broadcasting network in the coveted 18-49 demographic.,0
Those are on top of their powerful wine and spirit catalogs filled with well-known brands like Kim Crawford and Meiomi wines and Svedka vodka and Casa Nobel tequila.,0
"BuzzFeed generated $321 million in annual revenue and $31 million in adjusted earnings before interest, taxes, depreciation and amortization in 2020, in large part due to its e-commerce business.",0
Goldman Sachs & Co. LLC and Morgan Stanley & Co. LLC acted as co-lead placement agents for dMY IV in connection with the PIPE transaction.,1
Boston Beer founder Jim Koch says he found a kindred spirit in Sam Calagione.,0
The highly anticipated merger had a few starts and stops since the deal was reached in November 2015.,1
"""The merger combines two world class assets, both in Tier-1 mining jurisdictions, into a single group with scale and know-how,"" he said.",1
"New T-Mobile will vigorously compete for consumers at all price points and all customers, including prepaid and Lifeline, will have access to the same amazing 5G network and services.",1
It's a four-door crossover developed to replace a two-door hatchback.,1
"Upon the closing of the Transaction, the combined entity (the ""Company"") will be named Corcentric Inc.",1
"Reuters on Sunday reported about their impending merger, citing a source familiar with the matter.",1
Rocket Lab,0
"Also built in Melfi, Italy, including a PHEV version, and sold in more than 100 countries.",0
"In the absence of well-heeled suitors, some of the most influential and successful companies in the digital media industry have instead pivoted to a strategy of consolidation, buying up and merging with onetime competitors.",1
"BELLEVUE, Wash. & OVERLAND PARK, Kan.--(BUSINESS WIRE)--T-Mobile US, Inc. (NASDAQ: TMUS) and Sprint (NYSE: S) today announced that after receiving a favorable decision in Federal Court in New York the companies are now taking final steps to complete their merger to create the New T-Mobile.",1
"These visits highlight a stark reality in Washington, unprecedented in modern American history.",0
"The combined portfolio will comprise a production mix of 46% LNG, 29% oil and condensate and 25% domestic gas and liquids (FY21 net production) that spans Australia, the US Gulf of Mexico, and Trinidad and Tobago with 94% from OECD nations.",1
"The merger comes barely a year after 11-year-old ironSource went public, raising $2.3 billion through its IPO.",1
New T-Mobile is committed to delivering the same or better rate plans at the same or better prices for three years – and that includes 5G.,1
"dMY IV and Planet do not undertake or accept any obligation or undertaking to release publicly any updates or revisions to any forward-looking statements to reflect any change in its expectations or any change in events, conditions or circumstances on which any such statement is based.",0
"With this data captured and archived every day, Planet has an extensive catalogue of high-resolution Earth images – over 1,500 on average for every point on the Earth’s land mass – providing the ability to go back through time and analyze historical change as well as fuel powerful machine learning applications.",0
Additional information can be found at www.NewTMobile.com.,0
More information is available at https://www.Kalera.com/.,0
"In a letter sent to shareholders on Monday, Ackman highlighted numerous factors, including adverse market conditions and strong competition from traditional initial public offerings (IPOs), that thwarted his efforts to find a suitable company to merge his SPAC with.",1
"Jim DesJardins, the executive director of Renewable Energy Industries Association of New Mexico, said there have been complaints that Central Maine Power under Avangrid improperly increased the costs that renewable energy developers had to pay to connect to the grid.",1
"This time, it’s the massive deal from July that turned Saudi-owned Lucid Motors into a publicly traded company worth more than $20 billion.",1
The merger may also help them to move into another market where neither company has much of a presence: China.,1
"""It will take time ... really making sure we are getting all communities to participate in research,"" Wojcicki said in an interview with CNBC's ""TechCheck"" on Thursday morning.",0
Woodward Hexcel is expected to generate net annual revenues of about $5.3 billion.,0
BuzzFeed in November acquired news site HuffPost from Verizon Media for an undisclosed amount.,1
"If the merger is approved, on the other hand, he said Avangrid would base operations out of New Mexico on a national scale.",1
"The merger de-risks and underpins the path to development at Mulga Rock, Vimy Managing Director and CEO Steven Michael said.",1
23andMe has 40 programs underway on its drug discovery platform.,0
"Tuesday’s settlement required close cooperation from the top executives of Bayer and Monsanto, said Justice Department officials, speaking on the condition of anonymity to discuss closed-door negotiations.",1
"By merging with Monsanto, regulators found, Bayer would become a major supplier of corn seed.",1
Imperial Sugar’s revenues were over $700 million in 2020.,0
"Ross said he could not speculate on how the operations, store names and distribution network would be affected by such a merger.",1
"As an explanation, the report says that Microsoft's acquisition of Activision Blizzard ""emboldened"" the company to seek out possible partners to purchase it.",1
The merger gives Denver-based Frontier Airlines a 51.5% controlling stake in the combined airline.,1
"All-stock merger combines Leonardo DRS, a leading U.S.-based mid-tier defense technology provider, and RADA Electronic Industries Ltd., a leading Israel-based provider of small-form tactical radars.",1
"Milton will lead the combined company, whose name has not yet been decided.",1
"The deal follows others that involve the farming industry, including the pending merger between Dow Chemical and DuPont to create a company that would eventually break into three parts, one of which would focus on agricultural chemicals.",1
Rite Aid has had its own challenges.,0
"""Further entrenching monopoly harms innovation and drives up prices for consumers.""",0
"Boston is projecting that the ""transaction will be neutral to slightly accretive in 2019 and will not have a material impact on full-year 2019 earnings per diluted share.""",1
"Frontier said it doesn't expect there to be any furloughs and told its flight attendants that it anticipates ""maintaining all of our current bases and growing them over time.""",0
"We look forward to creating a process to find the best partner in the world,"" Ige said.",0
Alaska made its deal work.,1
"Sorenson said the merger will more than double the company’s presence in such lucrative regions as Asia, the Middle East and Africa.",1
"Australia's Woodside Petroleum and global natural resources company BHP are to merge their oil and gas portfolios to create a global top 10 independent energy company by production, they said Aug. 17.",1
"Morgan Stanley & Co. LLC and Needham & Company, LLC are acting as financial advisors to dMY IV.",0
"This competition has resulted in lower prices, better-quality products and more reliable service for customers across the region.",0
A merger between Electronic Arts and another company is said to be its preference over an outright acquisition.,1
JetBlue also said it would pay Spirit a $200 million fee if antitrust regulators blocked the deal.,1
"In addition, existing Corcentric equity holders have the potential to receive an earnout of additional shares of common stock of the Company, if certain stock price targets are met as set forth in the definitive merger agreement.",1
"This all-stock transaction creates a combined company with an equity value of approximately $375 million on a fully diluted pro forma basis, assuming no redemptions from Agrico’s shareholders.",1
"Alternatively, these documents, when available, can be obtained free of charge from North Mountain upon written request to North Mountain Merger Corp., 767 Fifth Avenue, 9th Floor, New York, NY, 10153, ATTN: Secretary, or by calling (646) 446-2700.",1
"“We view this as the most likely scenario if a deal were to go through, considering the similar market capitalization of the two companies (Monster at ~$43 billion and Constellation at ~$44 billion), he says.",1
This is good for those products.,0
"In this case, the idea reportedly was to use Hometown’s listing on the over-the-counter US markets to give a foreign company access to American capital by merging with Hometown.",1
"Veolia had originally offered 15.5 euros a share when it first tried to buy a stake in Suez from Engie (ENGIE.PA), before raising that to 18 euros and sealing a deal in October.",1
"Moreover, the record-breaking performance of regular IPOs in the United States in 2021 posed competitive challenges for SPAC sponsors like Ackman, as several richly valued startups chose to list their shares on exchanges through traditional routes instead.",0
"Nextdoor, a social media app for neighborhoods, announced Tuesday it will go public through a reverse merger with a special purpose acquisition company in a deal valuing the firm at $4.3 billion.",1
"More than a quarter-century later, then-Viacom Chairman Sumner Redstone victoriously announced what he called “a merger of equals” between his company and CBS.",1
"In July last year, Ackman's efforts to take a 10% stake in Universal Music, which was being spun off by French media conglomerate Vivendi, through his SPAC were derailed due to regulatory hurdles.",1
"Although Accor has not made any formal approach, its management board is apparently in favor of a deal, Le Figaro reported, without naming sources.",1
"The startup, which was founded in 2007 as a battery tech company and rescued by Saudi Arabia’s sovereign wealth fund in 2018, announced in February that it was merging with a SPAC run by investor Michael Klein called Churchill Capital IV.",1
"Its comprehensive, end-to-end suite of Source-to-Pay and Order-to-Cash solutions combined with its proprietary B2B payments network empower customers to enable growth, optimize working capital, enhance visibility, and minimize risk.",0
"Royal Ahold, also known as Ahold, made reference in a news release to the business combination being confirmed by both parties on May 12.",1
More information can be found at www.dmytechnology.com .,0
"Personalized medicine and at-home genetic testing kit company 23andMe went public on Thursday through a merger with a Richard Branson SPAC, VG Acquisition Corp., in a deal that raised near-$600 million and valued the company at $3.5 billion.",1
Charter is the fifth largest pay-TV provider in the U.S. with just under 4.2 million subscribers and also provides Internet services to more than 5 million subscribers.,0
Tech companies in particular have taken a beating in the public markets and seen their valuations plummet as rising inflation and interest rates have spooked investors.,0
(Read More - Why We Are Revising Our Price Estimate For Time Warner Cable) The subscriber numbers were very positive for the company last year.,0
"A new report indicates Electronic Arts has been actively pursuing a sale or merger, and even came surprisingly close before the deal fell through.",1
"JetBlue's current Northeast Alliance with American Airlines is already in the crosshairs of the regulators - in June, a U.S. judge said the Justice Department's antitrust lawsuit against American Airlines Group Inc (AAL.O) and JetBlue would move forward.",1
"The two airlines had been having deal talks ""in earnest"" since late last year, Christie said.",1
"As part of the takeover, members of Suez management will be represented at several levels, Frerot told reporters.",1
"It's a stretched variant of the 3008 with seven seats, though we wouldn't recommend trying to shoehorn adults in the third row.",0
"If the deal wins antitrust approval, the merged airline would replace Delta Air Lines as the top carrier.",1
"Instead, they say prosecutors should consider harms to competitors, workers and suppliers.",0
"Samuel Di Piazza, who currently sits on AT&T’s board, will be chairman of Warner Bros.",1
"Both times, the Obama administration rejected the mergers on antitrust grounds, saying they would decrease competition and hurt consumers.",1
"Over the past two years, the company has generated almost nineteen billion dollars in net profits.",0
"While company leadership lauded the completion of the deal, the merger also occurs in a much different gaming environment compared to what Eldorado and Caesars faced when they first agreed to a $17.3 billion deal last year.",1
"All things considered, it’s hard to avoid seeing the merger proposal as a cynical move designed to boost Pfizer’s stock price and generate a windfall for the company’s senior managers, who are compensated mainly in equity.",1
"Based on current market prices, a combined firm would have a market value of about $17 billion, merging Accor’s 5,000 properties—including Raffles, Sofitel and Ibis—with InterContinental’s almost 6,000 hotels, which includes brands like Holiday Inn and Crowne Plaza.",1
It was the potential power that the combined entity would have yielded in the high speed internet market that worried him the most.,1
"""We're super excited to bring a high-quality space asset to the market,"" Rocket Lab CEO Peter Beck told CNBC.",0
"In September 2019, the company was valued at just over $2 billion, TechCrunch reported at the time.",0
"Telenor and CP Group's merged company will have ""revenue market share in the low 40% that is similar to AIS,"" Brekke told media.",1
"The companies are both defined as craft brewers by the Brewers Association, meaning they are independent and produce fewer than 6 million barrels of beer each year.",0
"Leonardo SpA’s market position will provide access to a reshaped European defense market as well as defense markets around the world, while also establishing a home market in Israel.",0
"Its member-owners operate a total of nine sugar refineries located in Florida, Minnesota, North Dakota, Montana and Wyoming.",0
Eldorado and Caesars also had to deal with a shutdown of their Nevada properties after Gov.,0
"The Transaction, which is expected to close in the second quarter of 2022, will require the approval of the stockholders of both Corcentric and North Mountain and is subject to other customary closing conditions, including the receipt of requisite regulatory approvals.",1
"“The risk and time delays of a merger challenge often cause the parties to abandon a deal even if the government’s case is weak,” he said.",1
5 See the Appendix for reconciliations of non-GAAP measures to the most directly comparable GAAP measures.,0
"Suez ceded ground on some fronts, accepting that a side-agreement to spin off some of its assets into a separate entity with new shareholders would be smaller than it had hoped for, but the group said it was satisfied with the outcome and price.",1
"“We are pleased to welcome all of our team members to the combined company, and we look forward to implementing all of the strategic initiatives that will position the company for continued growth,” Reeg said.",1
"In addition, the documents filed by North Mountain may be obtained free of charge from North Mountain at www.nmmergercorp.com.",1
"In merging with Allergan, which is based in Dublin, Pfizer intends to move its corporate residency to Ireland, where the corporate tax rate is just 12.5 per cent, compared to thirty-five per cent for a company of its size in the United States.",1
"In part, that’s because companies tend to spend money elsewhere after a tie-up.",1
"Irwin D Simon, formerly Aphria’s CEO and chairman, will lead the new Tilray, with Tilray’s current CEO Brendan Kennedy joining the board.",1
Whiting Chief Executive Offer Lynn Peterson will serve as Executive Chair of the Board of the combined company while Oasis CEO Danny Brown will become the top boss.,1
"A SPAC is a special purpose acquisition company — basically, a pile of cash reserved for a merger that went through the initial public offering (IPO) process.",1
"The information contained on, or that may be accessed through, the websites referenced in this press release is not incorporated by reference into, and is not a part of, this press release.",0
508 (2018): Peugeot defiantly argued there's still a strong case to be made for large sedans when it redesigned the 508.,0
"Accor would be better off concentrating on the “near-free growth” that comes from striking deals with hotel owners to rebrand existing properties, they said.",0
"The two programs will remain separate while Marriott works on technology and product enhancements, Sorenson says.",0
Oasis shareholders will also receive a special dividend of $15 per share once the deal is closed.,1
"The duo spent nearly a year in consolidation talks only for the Kansas Corporation Commission in April to rule against the transaction, insisting the deal as it stood was not in the best interests of the companies’ 1.6 million customers in Kansas and Missouri.",1
"CRU Group consultant Daan de Jonge said the combined entity would be second only to China Northern Rare Earth Group (600111.SS) in terms of overall rare earths output and account for around 70% of China's heavy rare earths production, based on quotas for the first half of 2021.",1
"Michelle Krebs, an executive analyst for Autotrader, says that such massive size could be a big advantage as it plans for the future.",0
"… Esports is a challenging business, which is why we don’t rest the entirety of the business on that revenue,” he said.",0
"""Apart from Scarborough, Woodside does not have a lot of viable growth options and petroleum isn't really a core part of BHP's portfolio nowadays.",0
“At Planet our goal is to use space to help life on Earth.,0
"“I am so happy to wake up in a hotel where every single item isn’t labeled ‘Trump,’ ” he wrote, according to news coverage.",0
Officials from Public Service Company of New Mexico and Avangrid say a pending merger would help the state’s largest electric utility reach renewable energy targets at a faster pace.,1
"Panda (2011): The third-generation Panda is Italy's best-seller by a comfortable margin, but Fiat strongly hinted the model won't be replaced when it announced plans to exit the minicar segment in the early 2020s.",0
"China is the world's dominant producer of rare earths, a group of 17 minerals used in consumer electronics and military equipment.",0
"According to RBC, the possibility of Constellation acquiring Monster seems the least plausible due to poor profitability and synergies.",1
"Media reports emerged in the lead-up to the decision that NextEra may have been cooling off its pursuit of the deal, instead eyeing a bid for Texas utility Oncor.",1
"“The acquisition of Group Nine will contribute to making us an even stronger company collectively, and that is what we and our board of directors determined is the best path forward for all of our stakeholders,” he said in an interview.",1
"Still, revenue at the company was down 9% year-over-year as net losses expanded to $988 million, up from $621 million.",0
"Judge Leon's probe into the CVS and Aetna's settlement with the Justice Department, which included Aetna's agreement to divest its stand-alone Medicare prescription drug business to WellCare Health Plans, was the final hurdle in the companies' merger process.",1
"That distraction, even as commodity prices deteriorated and their peers cut costs to survive, is finally over.",0
Related reading,0
"Its at-home testing kits, which allowed people to learn about their genetic profiles and ancestry by sending a bit of saliva through the mail, ushered in a new era of personalized medicine, though not without controversy.",0
"The Federal Trade Commission had sued the two companies late last year, arguing that combining them would effectively create just one dominant retailer focused on pens, paper clips and Post-it notes.",1
"For the year 2015, we estimate the company's revenues will be around $23.8 billion, compared to consensus estimate of $23.9 billion, and an EPS of $8.28, compared to a consensus estimate of $8.10.",0
"Sorting out what the deal means for all of them, including where they are sold and built, and whether and where there is product overlap, will be a key question for the two companies as they formalize the merger over the next 12 to 15 months.",1
"The combined business is expected to generate significant cash flow this decade to support the development of new energy products and low carbon solutions including hydrogen, ammonia and carbon capture and storage.",1
"Sam and Mariah Calagione will take nearly all of their proceeds from the merger — an estimated $128 million — in stock of the combined company, and Sam Calagione will join the board of directors of Boston Beer in 2020.",1
"“ Judge Marrero’s decision validates our view that this merger is in the best interests of the U.S. economy and American consumers,” said Sprint Executive Chairman Marcelo Claure.",1
The company has performed well in its high speed internet and pay-TV businesses in the recent past.,0
"In other utility mergers, like the Exelon-Pepco deal in Washington, companies have won approval from regulators once making changes to their acquistion applications.",1
"On Friday, those critics, a group that includes attorneys general from several states and Democratic presidential candidates, continued to voice their objections to the deal, saying the combination would harm consumers.",1
New T-Mobile’s wireless in-home broadband service will overcome the obstacles to extending traditional wireline access by blanketing high-capacity coverage over previously difficult to serve areas.,0
"What’s more, a deal would have made more sense when shares of InterContinental bottomed out earlier this year, but now has less merit given the stock’s rebound, the analysts wrote.",1
"It will buy out the outstanding shares at an agreed-upon price, subject to approval from Athene's other shareholders.",1
"While the report doesn't clarify, it can likely be assumed that Electronic Arts will continue to explore the possibility of being acquired or merging with another company going forward.",1
"IonQ’s technological approach involves commercializing university lab research on trapped ions, which naturally exhibit the quantum mechanical effects needed for the machines to work, Mr. Chapman said.",0
"“Vox Media is, for instance, extraordinary at podcasting and has a big presence across our websites.” Both companies, he said, have robust studio divisions: “I don’t think there is a major premium streaming service that we’re not in business with.”",0
The expanded Woodside will be 52% owned by existing Woodside shareholders and 48% by existing BHP shareholders.,1
"“Until we know how Starwood’s best elite benefits and lifetime status will work, and whether the unique partnerships Starwood has forged with airlines like Delta, Emirates, and China Eastern survive the merger, members will continue to be in wait and see mode,” he says.",1
"Rising Spear, a company aimed at developing NIL (Name Image Likeness) opportunities for Florida State University student-athletes, announced Thursday it is merging with Warpath 850.",1
"United is buying Continental, and the combined company will keep the United name and be based in Chicago.",1
"The resource needs of Avangrid Renewables may take priority over PNM needs for resources to provide reliable utility service to its customers,” he said.",0
"Furthermore, the deal with Charter would face less regulatory scrutiny compared to the Comcast deal, as the potential combined market shares in both the pay-TV and Internet businesses would be smaller.",1
"Should the merger be rejected, he said Avangrid and Iberdrola would not consider New Mexico as a place to locate certain resources and activities.",1
"Discovery and AT&T have determined the 13 members of the board of directors for Warner Bros Discovery, the new company that will be created via a pending $43 billion merger.",1
"However, the transaction would introduce a new set of risks associated with the grocery business, and the combined company's leverage could limit investment in two evolving business environments,"" ISS wrote.",1
Grab says it intends to list on the Nasdaq under ticker symbol GRAB following the deal's completion.,1
"Adding to mounting challenges, influential investor advisory firms Glass Lewis and Institutional Shareholder Services in July urged investors to vote against the tie-up.",1
"It started life as a crossover, but it became decidedly more car-like when the C4 hatchback retired without a direct successor in 2018.",0
"Rocket builder Astra, satellite broadband focused AST & Science, satellite data service Spire Global, and space delivery specialist Momentus have each begun trading.",1
The proposed merger of the two New York-based companies is the latest in the wave of entertainment industry consolidations and was widely expected.,1
"Those are challenges many utilities are only starting to deal with across the continental U.S., but only Hawaiian Electric—and perhaps California's investor-owned utilities—are experiencing in real-time.",0
"The merger further bolsters the regional presence of the combined companies, which now either own or operate gaming properties in 16 U.S. states, including Nevada, Colorado, Louisiana and New Jersey.",1
"“Today brings us a big step closer to creating a combined company that will provide nationwide 5G, lower costs, and a high-performing network that will invigorate competition to the benefit of all mobile wireless and in-home broadband consumers.",1
Netflix is valued at $140 billion.,0
A statement from the governor's office also suggested the possibility of a future merger.,1
"Discovery became the second major Spirit shareholder to publicly back a merger with JetBlue, which is vying with Frontier to expand in the United States and create the country's fifth-largest airline.",1
"Founded in 1849, in Williamsburg, Brooklyn, by two German cousins, Charles Pfizer and Charles Erhart, Pfizer has a long history of researching and developing new drugs and chemicals.",0
"That's where Apollo comes in.""",1
Commissioner Cynthia Hall said she has received hundreds of communications with members of the public opposing the merger.,1
"The Pfizer–Allergan deal will be the biggest inversion yet, and it is nothing short of a disgrace.",1
"That's easier said than done, and DS-badged cars still don't feel quite as nice as their German rivals.",0
"But Accor chairman and CEO Sebastien Bazin—who set up an internal task force in June to examine a potential merger—is cautious about moving forward and Accor is yet to contact InterContinental, the French daily newspaper said.",1
"The tie-up between True and Dtac is set to become the third biggest merger deal between Thai companies, according to Refinitiv data.",1
The company has been part of Fort Collins' economic fabric for nearly 65 years.,0
The board of the merged group will be led by Borshoff and Deep Yellow's Non-Executive Chairman Chris Salisbury.,1
"As strange as it may seem that EA could be acquired, few could have foreseen Microsoft picking up Activision Blizzard, too.",1
"To address those concerns, the Justice Department will require Bayer to transfer several research facilities and projects to BASF, including a research center in North Carolina and a bank of soybean tissue samples used to develop new products.",1
"LONDON — Two large oil services companies, FMC Technologies and Technip, said on Thursday that they planned to merge in a $13 billion transaction.",1
"Grandland X (2017): Opel's variant of the Peugeot 3008 does reasonably well in Germany and in the United Kingdom, its home countries.",0
(Axios reportedly held talks with Axel Springer about a possible sale earlier in the year.),1
"Jan 25 (Reuters) - Buy now, pay later (BNPL) firm Sezzle Inc is in talks to be acquired by larger Australian rival Zip Co Ltd (Z1P.AX), the companies said on Tuesday, sending shares of Sezzle soaring 23% during the session.",1
By that time — six weeks after the merger was announced — the list shows that the T-Mobile executives were already experienced Trump customers.,1
"With the addition of Starwood’s portfolio, the new Marriott now has 30 brands with more than 5,700 hotels.",1
"The chief executives of both companies traveled to Washington over the Easter holiday to be briefed about the government’s concerns with the deal, the government said.",1
"SYDNEY — Buy-now-pay-later rivals Zip Co. ZIP, +20.98% and Sezzle Inc. SZL, +95.83% have scrapped the planned merger that they had hoped would create the scale to better compete in the crowded installment-payments industry.",1
"A merger of two noncompeting companies — a content distributor and a content supplier — may not face a public interest test, says New Street Research analyst Vivek Stalam.",1
"From the beginning, NextEra struggled to win support for its merger plan.",1
"The company, merging with 890 Fifth Avenue Partners, is targeting a $1.5 billion valuation.",1
The company had also made a failed bid for TWC in early 2014.,1
The companies' founders say the merger is going to help the craft brewers compete in an industry that is seeing rapid consolidation.,1
"Shareholders of Fiat Chrysler Automobiles and PSA, the French maker of Peugeot, Citroën and Opel cars, voted on Monday to merge in an effort to acquire the scale necessary to survive in an industry gripped by technological change and pummeled by the pandemic.",1
"""There are no clear harms from this deal.""",1
It’s Dodge’s second best-selling model after the Caravan.,0
"BuzzFeed and Vox Media were both valued at $1 billion or more six years ago, based on investments of about $200 million each from NBCUniversal, the parent company of MSNBC and NBC News.",0
"""Spirit is very strong in the East.",0
Cherokee (2013): The rugged midsize SUV is one of Jeep’s top-selling models in the U.S. and is also sold in Europe.,0
The F.T.C.,0
"That could lead to Monster selling off the parts of the Constellation portfolio that they don't need, bringing in some quick revenue.",0
"With the merger, the new Caesars will have to navigate a challenging economic environment while also dealing with about $8.8 billion in liabilities.",1
"“The U.S. is ripe for opportunity, given the massive changes we're seeing in the country.",0
"“He was like, ‘If you guys switch, you’ll get 40 percent off for the rest of your life.’ ” T-Mobile did not respond to a query asking whether that offer was legitimate.",0
She said the merger of the two companies provides a better credit rating for PNM as it looks to develop electric vehicle charging networks and to transition away from fossil fuels.,1
"Goldman Sachs, Barclays and Lazard were financial advisers to Great Plains, with Guggenheim Securities advising Westar.",1
The collapse of Zoom’s nearly $15 billion acquisition of Five9 has been a plus so far for the stocks.,1
"For RADA, combining with Leonardo DRS is expected to significantly bolster its global competitive positioning and increase its scale, program diversity, cash generation and addressable market, providing significant future growth and value creation opportunities.",1
"Nine high-level WarnerMedia executives, including Chief Executive Jason Kilar and Studios and Network chief Ann Sarnoff, announced their exits ahead of the formation of the combined company earlier this week.",1
"The combined company will also buy back around 30 million shares in both 2018 and 2019, Bassham added.",1
"Viacom’s brass sold its valuable Nickelodeon shows to Netflix, helping the Los Gatos, Calif., company build its audience.",0
"There is not one bit of media consolidation,"" Stephenson tells NPR's Folkenflik.",0
"“We thought about consolidation and decided it’s easier in this environment to grow on our own,” he said, citing positive trends in the advertising and subscription business.",1
The acquisition of HEI offered NextEra Energy an intriguing and immeasurable benefit: the opportunity to use Hawaiian Electric as a guinea pig to solve the challenges caused by high levels of renewable and distributed energy resources—well before they hit the mainland.,1
"He plans to work with Stanage for a year ""to facilitate a seamless integration and continued growth of the two companies,"" the company said in a statement to the Coloradoan.",1
"A list of the names of those directors and executive officers and a description of their interests in dMY IV will be included in the Registration Statement to be filed by dMY IV, which will include the proxy statement/prospectus of dMY IV for the proposed business combination and be available at www.sec.gov .",1
"Many were unprepared for the onslaught of new, very expensive medications, she said, and were “caught off guard” when the new hepatitis C drugs were introduced a few years ago at a cost of tens of thousands of dollars to treat a single individual.",0
"When asked about the combined oil and gas capabilities of BHP and Woodside, he said they would be good but Woodside will have to manage a much more diverse international portfolio than it has now, particularly in the Gulf of Mexico and Trinidad and Tobago.",1
"Frerot and Varin said at separate news conferences that Gerard Mestrallet, who used to chair Suez and also French utility Engie, had helped broker talks between the companies.",1
"The transaction, which has been unanimously approved by dMY IV’s Board of Directors and Planet’s Board of Directors, is expected to close later this year, subject to approval by dMY IV’s and Planet’s stockholders and other customary closing conditions.",1
Dow Chemical and DuPont announced a merger that would fuse two stalwarts of American industry into a giant worth more than $120 billion and would reshape the chemical and agricultural industries.,1
"""Strategically, the proposed merger appears to be a step in the right direction, as it provides [Rite Aid] with increased scale and diversification.",1
"The transaction, which has been approved by the boards of directors of both of Kalera and Agrico, is expected to close in the second quarter of 2022.",1
Delrahim has argued that selling off assets is a more effective way to resolve anticompetitive mergers than forcing companies to abide by requirements that must be reviewed by regulators on an ongoing basis.,1
"BuzzFeed, a 15-year-old digital media company, announced Thursday it plans to go public via a merger with a publicly traded special purpose acquisition company.",1
"All three vans are identical under the sheet metal, and they overlap in many markets, but automotive jingoism runs strong in the segment, so the strategy makes sense.",1
"Even though the Obama Administration doesn’t have the legal powers to block the Allergan transaction, it should seek to shame Pfizer and its board of directors into calling it off.",1
"""Neutron should look like a rocket [designed] in 2050, right?""",0
The news came after an excruciatingly long regulatory review process that culminated in a lawsuit last month by the Justice Department to block the deal on antitrust grounds.,1
"The transaction remains subject to approval by both Agrico and Kalera shareholders, as well as other customary closing conditions.",1
"In 2017, it purchased two struggling car brands — Opel and Vauxhall — from General Motors.",1
Lucid Motors ultimately raised more than $4 billion in the deal and started shipping its first electric vehicle — the Air sedan — in October.,0
"Combined with the future development of Tumas, it is expected to ""have the scale to rapidly advance its pipeline of organic growth opportunities"" and be well positioned to pursue additional accretive growth.",0
"Southeast Asia's ride-hailing giant Grab announced Tuesday it is set to go public through a SPAC merger with Altimeter Growth Corp., in a deal that values the company at $39.6 billion — the largest blank-check merger to date.",1
Albertsons was formed by Cerberus and a consortium of investors in 2006.,1
"In a September 1999 news conference, Redstone told journalists: “Viacom and CBS are natural partners ... we are siblings.” At that time, Wall Street valued a combined Viacom-CBS at $80 billion.",1
Vox Media purchased New York magazine and its digital properties in 2019.,1
But some publishers don’t allow different imprints within the same company to compete at an auction.,0
"A Chinese insurance consortium, Anbang, swooped in with a counter-offer that Starwood seriously considered for several weeks earlier this year.",1
The 19.5% ownership in the combined company provided to RADA shareholders was designed to provide a premium in excess of 20%2.,1
Executives of Fiat Chrysler and PSA agreed at the end of 2019 to merge and have been working out the details and securing regulatory approval since then.,1
JetBlue says a tie-up with Spirit will deliver synergies of $600 million to $700 million the first year after integration is complete.,1
"The Board of Directors of each of RADA and Leonardo SpA approved the transaction, which is expected to close in the fourth quarter of 2022 (subject to approval of the stockholders of RADA and other closing conditions including the receipt of certain regulatory approvals).",1
"Special purpose acquisition company (SPAC) Pine Technology Acquisition Corp. PTOC, -0.10% and climate forecasting software specialist The Tomorrow Companies Inc. (Tomorrow.io) on Monday said they would terminate their merger deal due to market conditions.",1
Additional information regarding the interests of such participants will be contained in the proxy statement for the proposed business combination when available.,1
"JetBlue's latest cash-and-stock bid values Spirit at $3.7 billion, while Frontier's latest cash-and-stock bid, which Spirit recommends its shareholders should back, is worth $2.4 billion.",1
"Spirit investors will receive 1.9126 shares of Frontier plus $2.13 in cash for each share they own, giving Spirit shareholders an implied value of $25.83 per share, which is a 19% premium over the value of Spirit shares at the end of last week, the companies said.",1
"After their merger, Dow and DuPont plan to create three publicly-traded businesses, focusing on agriculture, materials and specialty products.",1
"Combined, the company spends more than $13 billion a year to produce content.",0
A SPAC listing bypasses Wall Street's traditional IPO process.,0
"For those who wish to participate, the domestic toll-free access number is (877) 407-9716 and the international toll-free access number is (201) 493-6779.",0
The combined entity would have serviced roughly 30% of the pay-TV market and would have gained significant leverage on the distribution front.,1
"Under the terms of the Transaction, Corcentric's existing shareholders will convert their ownership stakes into equity of the combined company and are expected to own approximately 81% of the post-combination company immediately following the closing of the transaction.",1
"Tipo (2015): Fiat's bargain-priced answer to the Volkswagen Golf and the Ford Focus is available as a hatchback, a sedan and a station wagon.",0
Backed by investors including Microsoft Corp. co-founder Bill Gates and former Florida Gov.,0
"""Our combined footprint, from both a product perspective and from the more than 4,000 colleges and universities we serve worldwide, likely makes this the largest education technology company selling into higher education,"" Jim Milton, Anthology's chairman and chief executive officer, said in an interview this morning.",1
"The Company is a leader in mini-tactical radars, serving attractive, high-growth markets which include active military protection (SHORAD, C-RAM), counter-UAS missions, critical infrastructure protection and border surveillance.",0
"In addition to shares of Agrico common stock, Kalera shareholders will receive one contractual Contingent Value Right per share of common stock that will entitle them to receive up to two stock payments upon the achievement of certain milestones.",0
"JetBlue’s updated offer added a handful of concessions to address Spirit’s concerns about regulatory approval, including an offer to divest some assets from both airlines.",1
"""We do believe we have a cost leadership advantage.""",0
"“While both companies expected the proposed merger to result in compelling benefits to shareholders, customers and other stakeholders, challenges in obtaining remaining regulatory approvals and general industry conditions that severely damaged deal economics led to the conclusion that termination is the best course of action,” said Dave Lesar, chairman and chief executive of Halliburton, in Sunday’s statement.",1
The brand risks overlapping with Alfa Romeo once PSA and FCA shack up.,1
Below are some of the proposed deal's pros and cons.,1
Net metering allows customers who have solar panels at their house or business to sell excess power produced back to the company.,0
"That, despite the fact that the company's holdings have grown significantly by acquiring businesses from other companies like Voya Financial.",1
"Members of both Marriott Rewards, which include The Ritz-Carlton frequent guests, and SPG will have their status matched.",1
"However, while Kalera and/or Agrico may elect to update these forward-looking statements at some point in the future, each of Kalera and Agrico specifically disclaims any obligation to do so, except as required by applicable law.",0
"In a June 22 trading update about a sell-off in tech stocks, Zip had said it was putting up fees and reviewing global operations outside the U.S., but that ""the acquisition of Sezzle remains on track"".",1
"Nextdoor is used in more than 275,000 neighborhoods around the world and in nearly 1-in-3 U.S. households, according to a company press release.",0
"It’s unclear exactly when Maso made its initial investment in Hometown, which the Times pegged at $2.5 million, but the stock price of the company was much lower at the beginning of 2020 and only began to rise in the spring and through the summer.",0
It is a hub for heavy rare earth smelting and separation - or processing into a form that can be used by manufacturers.,0
The deal marks the end of an era for the iconic DVR company.,1
A prototype chip package that uses the same technology as IonQ’s existing systems and will be integrated into a quantum-computing device about the size of an Xbox game console.,0
"Headquartered in Arlington, Virginia, Leonardo DRS is a wholly owned subsidiary of Leonardo S.p.A. See the full range of capabilities at www.LeonardoDRS.com.",0
"While all of the above have worked on partnership products recently, each has stayed out of the other's space.",0
"Known for its bright yellow planes, Spirit has also been aggressively expanding in the last decade, including in much larger rivals' hubs, and plans to continue that strategy once it combines with Frontier.",1
"The reverse is also true, with companies exploring the possibility of being acquired, too.",1
"Last year, telecommunications colossus AT&T bought HBO, CNN, TBS and the Warner Bros. studio in an $85-billion deal.",1
"Schannauer also said the merger could result in rigged bidding processes and that PNM would favor using Avangrid-owned renewable resources over those developed by other companies, thus increasing the electricity costs that customers would pay.",1
"The board includes many existing directors for Discovery and AT&T, parent of WarnerMedia and soon to be a partner in the new entity.",1
The merger was originally supposed to be completed during the first half of the 2020 but ended up being delayed as both companies scrambled to deal with the impact of the COVID-19 pandemic.,1
"Specifically, Bankoff said the deal will provide more financial resources for the company to invest in editorial products such as the general interest news site Vox.com, tech news site The Verge, sports news site SB Nation, and now the media websites that make up Group Nine Media, including travel lifestyle brand Thrillist, news-focused site NowThis and the Dodo, which publishes cute and educational content about animals.",1
It’s also a bet on the strength of the industrial economy as the United States rebounds from the pandemic.,0
The companies are expecting the new combined company — which will operate as Tilray — to generate pretax cost-saving synergies of $81 million within 18 months of closing.,1
"ProMaster (2006): Ram’s work van, available in many configurations.",0
"Annual cost savings generated by the merger, rising to $140 million to $170 million in 2021, from $35 million to 45 million next year, would help finance these measures, while also allowing the company to achieve the profit level allowed by a regulated utility without increasing customer rates.",1
108 (2014): Peugeot's entry-level model is twinned with the Citroën C1 and the Toyota Aygo.,1
This project’s budget is about $2.6 billion.,0
"Deep Yellow has previously pursued a merger with Vimy: last November, it disclosed material details of a formal proposal it had made to the board of Vimy but which had then lapsed.",1
Most of these factors are outside dMY IV’s and Planet’s control and are difficult to predict.,0
"Triple play bundling is the combining of the three services offered by Comcast — pay-TV, high speed internet and voice — into one package.",0
"“Dreamfield’s only goal is to produce high-quality cash value commercial opportunities to as many athletes as possible in a legal, safe, and compliant manner.",0
"“When you do a merger, everything is looked at,” says Gordon.",1
But Bankoff has not ruled out going public — like BuzzFeed — in the future.,0
The last-generation model is still available and is called the 1500 Classic.,0
"Spirit’s leadership responded in a letter to JetBlue’s chief executive on Monday, saying they did not think that the updated offer had a reasonable chance of succeeding.",1
"It would be the first merger of large U.S. airlines since Alaska Airlines' combination with Virgin America in 2016 and a test of the Biden administration's tolerance for consolidation, particularly among airlines, one of the most scrutinized industries by antitrust regulators.",1
"The information contained on, or accessible through, Agrico's website is not incorporated by reference into this press release, and you should not consider it a part of this press release.",0
The broad and deep 5G network that only our combined companies will be able to bring to life is going to change wireless … and beyond.,1
"Under the deal, the new Raytheon Technologies will consolidate its operations into four businesses.",1
Aphria shareholders received 0.8381 of a Tilray share for each Aphria common share owned.,1
"The Combined Company will be aligned with some of the fastest growing segments of the U.S. Department of Defense budget and positioned to pursue global opportunities through the worldwide presence of Leonardo DRS’s parent company, Leonardo SpA (LDO).",1
"""The combination of United Technologies and Raytheon will define the future of aerospace and defense,"" United Technologies Chairman and CEO Greg Hayes said in a statement about the deal.",1
"On ""Squawk on the Street,"" Friar said San Francisco-based Nextdoor will continue expanding into new territories, which in turn generates more content for the platform.",0
Maverick Gaming initially agreed to buy the properties at a higher price before backing out after the COVID-19 pandemic roiled the industry.,1
"Covid-19 related lockdowns have presented unique challenges across Canadian and German markets,” Simon said in a statement.",0
"""Recessions are always very tricky environments for airlines,"" said Florian Ederer, associate professor of economics at the Yale School of Management.",0
"Jiangxi Ganzhou Rare Metal Exchange Co, a fledgling bourse for spot transactions, and Ganzhou Zhonglan Rare Earth New Material Technology Co will also be folded into the new entity.",1
"BuzzFeed had already grown bigger by acquiring the HuffPost website in November 2020, which has changed hands multiple times since it was first sold to AOL in 2011.",1
"Mindtree shareholders will get 73 shares of LTI for every 100 shares of Mindtree, LTI said in a statement on Friday, and the combined entity will be called ""LTIMindtree"".",1
Legere and Carey were members of the “Trump Card” program.,0
"Anthology, which emerged a year ago from the combination of three higher education administrative software firms, will merge with Blackboard, long the most visible company in learning technology, the two companies announced today.",1
"Prices for both are up around 50% in 2021, striking multi-year highs as demand recovers from a pandemic-driven dip, while power curbs on Chinese industry and disruption to ore supply from Myanmar have constrained production.",0
"That probably will have little impact on consumers, given that farm expenses account for only a small portion of food prices.",0
"The deal was made in exchange for stock in the combined company, not cash, said Vox Media chief executive and co-founder Jim Bankoff, who will run the expanded entity.",1
"“We are confident that the combination would have accelerated our shared ability to innovate on behalf of clients, but the inability to secure an expedited resolution of the litigation brought us to this point,” Mr. Case said in the statement.",1
Gordon admits that there’s an open debate as to whether mergers actually lead to innovation.,1
"The new company will be one of the largest players in TV advertising, capturing an estimated 22% of viewership to traditional television.",1
"As part of that process, the company recently acquired youth entertainment company Complex Networks for $200 million, plus $100 million in company stock.",1
"""This ruling gives us a chance to reset and refocus on our goal of achieving 100% renewable energy by 2045.",0
"Scientific excellence aside, that means a deep knowledge and understanding of markets, consumers and the defining trends in our industry.",0
"In an impromptu interview, the T-Mobile chief executive said he was not seeking special treatment.",0
"300 (2011): Despite rumors of its pending demise, the four-door sedan lives on mostly unchanged for the 2020 model year, at least.",0
"A combination “will improve market reach and allow the company to optimize its product margins,” Monica Bonar, a senior director at Fitch, said in the report.",1
The executives had scheduled stays of up to three days.,0
"The process, which is similar to a reverse merger, takes the target company public.",1
"Many intervenors worried the merger's approval would raise electricity rates in the state, already the highest in the nation.",1
"AT&T is the second-largest wireless carrier, one of the top broadband providers and — thanks to its recent purchase of DirecTV — also a major pay-TV provider.",1
"Shares of Rite Aid closed Wednesday at $1.74 a share, up 1.16 percent, giving it a market capitalization of $1.86 billion.",1
Viacom shareholders will receive .59625 shares of CBS stock for every Viacom share that they own.,1
"Group Nine had held previous discussions with Vox Media and other companies about a merger through a special purpose acquisition company, or SPAC, that it had created with the intention of going public.",1
"Critics of the merger have said it would reduce competition by lowering the number of wireless carriers from four to three, resulting in higher cellphone bills.",1
"However, Frontier on Monday declined to further raise its bid for Spirit, potentially drawing the curtains on its months-long bidding war with JetBlue.",1
The AT&T-Time Warner Merger: What Are The Pros And Cons For Consumers?,1
This comes as Avangrid has faced opposition in Maine where customers and state officials say reliability has decreased and rates have increased following Avangrid’s acquisition of Central Maine Power.,1
"A federal judge on Tuesday blocked a $6.3 billion proposed merger of Staples and Office Depot, dashing another huge deal and handing the Obama administration one more antitrust victory.",1
"He also praised the hotel’s location, next to one of the departments that must approve the company’s merger.",1
"Viacom was a darling on Wall Street and Madison Avenue because its networks — Nickelodeon, Comedy Central and MTV — drew younger viewers who were prized by advertisers.",0
The company also recently launched a subscription product to introduce more content and services for consumers who want to take additional steps after their genetic reports.,0
"GranTurismo (2007): Maserati’s sports car is available as a coupe and convertible, and though the brand has dangled it above the scrap heap, the latest indication is that it will see a new generation in 2021.",0
"Rite Aid CEO John Standley, meantime, said in a statement, ""While we believed in the merits of the combination with Albertsons, we have heard the views expressed by our stockholders and are committed to moving forward and executing our strategic plan as a standalone company.""",1
The companies say they will retain their status as independent craft brewers.,0
ANY REPRESENTATION TO THE CONTRARY IS A CRIMINAL OFFENSE.,0
"""The combined company will have a high margin oil portfolio, long life LNG assets and the financial resilience to help supply the energy needed for global growth and development over the energy transition,"" Woodside's newly minted CEO, Meg O'Neil, said during an investor briefing.",1
"The failure of the merger comes less than four weeks after Latitude Group Holdings Ltd. scrapped its acquisition of Australian rival Humm Group Ltd.’s HUM, -1.01% consumer-finance operations, which includes buy-now-pay-later services.",1
"The deal between the companies, which had filed for Chapter 11 bankruptcy in 2020 following a crash in energy prices due to the pandemic, comes amid record high crude prices.",1
It's also said that EA is trying to ensure that Wilson is retained as the company's CEO following the merger.,1
"The Department of Justice filed a civil antitrust lawsuit today to stop United States Sugar Corporation (U.S. Sugar) from acquiring its rival, Imperial Sugar Company (Imperial Sugar).",1
Free copies of these documents may be obtained as described above.,0
"But Gray Shealy, executive director of the Master's of Hospitality Management Program at Georgetown University, says the Marriott-Starwood merger is likely to be less rocky.",1
"The $120 billion merger, announced last week, comes less than a month after drug maker Pfizer Inc said it would use its $160 billion acquisition of Allergan Plc as a way to cut its taxes.",1
"Giant Food Stores LLC, which operates Giant and Martin’s, became a part of Netherlands-based Royal Ahold in 1981.",1
"“We’ve had a great revenue growth story for the last few years, and we have line of sight to grow year over year, increase revenue.",0
"Nikola’s founder was indicted earlier this year on charges brought by the SEC (as well as parallel charges from the Department of Justice), and the company recently said it has set aside $125 million for an expected settlement with the agency.",0
"This communication does not constitute an offer of securities pursuant to the Israeli Securities Law, 1968, or a recommendation regarding the purchase of securities of RADA or DRS.",0
"Last month, Spirit shareholder TIG Advisors LLC also informed the carrier's board of directors that it intends to vote against Frontier's bid with the low-cost carrier.",1
"C4 Spacetourer (2013): The C4 Spacetourer was known as the C4 Picasso until 2018, when Citroën decided it no longer wanted to pay royalties to the painter's family.",0
Some analysts contend that Spirit and Frontier are better suited to merge because they operate under similar “ultra-low-cost” business models but have more extensive flights in different parts of the United States.,1
"For more information, please visit www.sagemount.com.",0
Shares in Veolia were up over 9% and Suez climbed 7.8% by 1423 GMT.,1
The companies said they expect the deal to be complete by year’s end.,1
"In the late nineteenth century, it became a leading manufacturer of citric acid, ascorbic acid, and vitamin pills.",0
There has been a lot more SPAC action than usual lately; The Wall Street Journal even declared 2020 a record year for SPACs.,0
It also will sell its emerging digital farming business as well as a variety of intellectual property and R&D projects.,0
"Bayer has defended the deal as the surest way to increase agricultural productivity as the world’s population grows, citing Monsanto’s advantage in plant genetics and Bayer’s portfolio of pesticides and other chemicals.",1
"According to LIMRA, a financial services research agency, Athene sold the 10th-most annuities in the United States in 2020.",0
The family firm already has approved the all-stock transaction.,1
"No offering of securities shall be made except by means of a prospectus meeting the requirements of Section 10 of the Securities Act of 1933, as amended, or an exemption therefrom.",0
"Since then, both sides have engaged in a game of one-upmanship and made competing offers for Spirit that have included sweeteners such as higher break-up fees and route divestitures, which were aimed at easing regulatory concerns.",1
"The companies did not share any financial data, but the combined entity is likely to be among the sector's biggest educational technology firms.",1
He'll be the new company's executive chairman.,1
"Corona Extra, brewed by Grupo Modelo, is the number one selling imported beer sold in the United States and the number six selling beer overall.",0
"The studio has also invested in lucrative movie franchises such as The Fast And The Furious, Fifty Shades, Despicable Me, Jurassic Park, etc., which will serve the studio well in the years to come.",0
"However, Comcast is not overly dependent on the now-defunct merger for growth.",1
The Dogfish Head shareholders are expected to receive $173 million in cash.,1
"Don’t miss: New York’s 13% cannabis tax may be too high, since state has ‘one of the most sophisticated’ black markets in U.S., expert says",0
"Burger King, Liberty Global, and Medtronic are among the U.S. corporations to have carried out mergers that moved their headquarters abroad.",1
C-Zero (2010): The C-Zero is a badge-engineered Mitsubishi i-MiEV.,0
"In an investor presentation, FaZe estimated that it has an audience of 350 million followers across social media, including Twitter, Instagram, TikTok, YouTube and Twitch.",0
"TiVo is combining with Xperi — a licensing firm that specializes in semiconductor technology as well as various A/V brands — in a $3 billion merger, the two companies announced today.",1
"Almost a year after first announcing the merger agreement, Marriott International has completed its $13 billion purchase of Starwood.",1
"A SPAC, which stands for special purpose acquisition company, is created to raise capital from public markets and then use that cash to merge with a private company and take it public within a two-year timeframe.",1
The entire point of the SPAC is to find a private company to merge with.,1
"Doblo (2010): Built in people- and cargo-hauling configurations, the Doblo van is relatively popular in Italy, but it's an also-ran elsewhere in Europe due in part to its age.",0
"""It makes a lot of sense and the opportunity has been ripened by the demand patterns of the pandemic,"" said Samuel Engel, senior vice president at consulting firm ICF.",0
"If some Agrico shareholders redeem their shares, Kalera shareholders would own a higher percentage of the combined company and Agrico shareholders would own a smaller percentage.",1
"For now, Vox Media is focused on completing its merger with Group Nine, a deal that is expected to close in the first few months of 2022.",1
"Concurrently with the consummation of the transaction, additional investors have committed to participate in the proposed business combination by purchasing shares of Class A common stock of dMY IV in a private placement (the “PIPE”).",1
"Additional information about the proposed Transaction, including a copy of the merger agreement and investor presentation, will be provided in a Current Report on Form 8-K to be filed by North Mountain with the Securities and Exchange Commission (""SEC"") and will be available at www.sec.gov.",1
"In May last year, the companies set out to merge and become a standalone media business, with AT&T aiming to focus more on its wireless ambitions and Discovery looking to beef up its content library.",1
Tightening safety and emissions regulations and thinning profit margins are poking holes in the cheap and the cheerful hatchback's business case.,0
"According to Modi, the first would be that the co-CEOs of the Monster, Rodney Sacks and Hilton Schlosberg, are 71 and 68, respectively, and might not have the ""appetite to go through a large-scale acquisition.",1
"The deal will result in the end of Blackboard as a freestanding company, and could bring the end of its well-known, and sometimes controversial, brand.",1
The proposed merger with Agrico brings the necessary capital for Kalera to be the first leafy green vertical farm company to have a national footprint in the US and be able to reliably supply a national off-take contract while still being local.,1
"In a news briefing on Friday, Makan Delrahim, the Trump administration’s top antitrust regulator, said the agency had only decided to approve the deal after T-Mobile and Sprint agreed last week to sell off significant portions of their businesses to the pay-television operator Dish Network as part of a plan to create a potential new major wireless company.",1
"“We are confident that the combination would have accelerated our shared ability to innovate on behalf of clients, but the inability to secure an expedited resolution of the litigation brought us to this point,” Mr. Case said in the statement.",1
All FLI in this communication is expressly qualified in its entirety by these cautionary statements.,0
Destination Hotels and Commune Hotels have merged.,1
"This communication is not a substitute for the Registration Statement, the definitive proxy statement/final prospectus, or any other document that North Mountain will send to its stockholders.",0
The Marriott Hotels brand will co-exist with Sheraton.,1
"The look isn't to everyone's tastes, but the C3 remains an excellent value for buyers seeking a cheap, basic and dependable commuter that rarely needs to stop for fuel.",0
"Years of mismanagement and a long string of half-baked, badge-engineered models left it utterly battered.",0
"The new Vox Media would be among the largest media companies in the United States, with about 2,000 employees, Mr. Bankoff said, adding that Group Nine’s websites complemented Vox Media’s, adding that the Group Nine audience was younger.",1
"In one of the divestitures, S&P Global plans to sell its Cusip Global Services business to FactSet Research Systems Inc. for $1.93 billion.",0
"By 2019, their combined market share had almost doubled to 5.4% while the four largest airlines in the U.S., American Airlines, Delta Air Lines, United and Southwest, controlled 73.9% of revenue passenger miles.",1
A tie-up with Spirit would give the winning suitor more scale and resources to deal with these challenges.,1
"PSA strongly hinted it will leave the minicar segment in the coming years, so the 108 is on its way out without a replacement in sight.",0
This announcement was published by Rune Damm at the date and time set out above.,0
"Canadian cannabis companies Tilray Inc. and Aphria Inc. announced the closing of their merger on Monday, creating the world’s biggest weed company measured by revenue.",1
He denied the allegations but was forced to resign in September.,0
"Hexcel, based in Stamford, Connecticut, produces carbon fiber reinforcements and resin systems and is a leader in honeycomb manufacturing for the commercial aerospace industry, with 24 plants worldwide.",0
"The decision to abandon the deal “highlights one of the possible implications of more aggressive enforcement” as Mr. Biden makes good on campaign promises to be tough on companies, said A. Douglas Melamed, a law professor at Stanford University and former acting chief of the Department of Justice’s antitrust division.",1
"Planet is driven by a mission to image the world every day, and make change visible, accessible and actionable.",0
"""More than a dozen of our peers have sold to international conglomerates, others have come together through platforms bringing a handful of craft breweries together in roll-ups,"" the founders of Dogfish Head, Sam and Mariah Calagione, said in a statement.",1
"As Xperi’s press release announcing the merger proudly boasts, “With 10,000 patents and applications between the two companies and minimal licensee overlap, the combined IP business will be one of the largest licensing companies in the world.”",1
Apollo co-founder Marc Rowan said merging with Athene could create a small amount of momentum that eventually snowballs.,1
"""What changed since ZIP's announcement ... where the company stated that the transaction remained on track?""",1
The transaction represents the first time a major U.S.-based defense company backed by a global defense prime has acquired a significant Israeli defense technology company.,1
Dow and DuPont declined to comment on the tax aspects of their deal.,1
"Now, the company is planning to go to the altar for a third time, with French manufacturer Groupe PSA, best known for its Peugeot brand.",1
"Founded by Anne Wojcicki — the former spouse of Google founder Sergey Brin, who was an early investor in the company — 23andMe was created 15 years ago.",0
The combined firm will be listed on the Thai stock exchange.,1
"""Our genetics represent all of life on this planet, and we have the opportunity to understand what it means and with that, it will improve your own life but also contribute to all kinds of research discoveries,"" Wojcicki said.",0
"Due to the interdependencies and correlation of these factors, as well as other factors, the impact of any one assumption, risk or uncertainty on FLI cannot be determined with certainty.",0
Rocket Lab aims to launch Neutron for the first time by 2024.,0
