Lordstown Motors Corp on Thursday reported its first quarterly profit as the electric-vehicle firm benefited from the sale of certain assets including its Ohio assembly line to Taiwanese contract manufacturer Foxconn.,1
"The EV company recorded a gain of more than $100 million in the April-June quarter from the Ohio asset sale, which was prompted by the need for funding amid industry-wide supply chain disruptions and rising material costs.",1
"On an adjusted basis, the company posted a loss of 19 cents per share that was narrower than analyst's average estimate of a 45 cents per share loss, according to Refinitiv data.",0
"Aug 4 (Reuters) - Russian miner Petropavlovsk has agreed to sell its domestic subsidiaries and a majority of its other units to metal producer UMMC-Invest for $600 million, after a months-long crisis set off by Western sanctions over the Ukraine invasion.",1
"Petropavlovsk went into administration in July after sanctions on Gazprombank (GZPRI.MM), its main lender and the sole buyer of its gold, left it unable to repay loans, making it one of the most high-profile Russian corporate casualties of the Ukraine situation.",1
"Petropavlovsk owned one of the only two plants in Russia which extract gold and other metals from ""refractory"" or difficult to process ore, and it is this asset being bought by UMMC, or Ural Mining Metallurgical Co, which is arguably the defunct company's most valuable asset.",1
Petropavlovsk said the sale is conditional on a number of matters but should be completed by Sept. 30.,1
"By Jessica Corso (August 3, 2022, 4:31 PM EDT) -- A new media company is accusing a company acting on behalf of its creditors of defying a Delaware Supreme Court decision by promising to sell assets that rightfully belong to the company, asking a Delaware Chancery Court judge this week to stop the sale before ""irreparable harm"" occurs.",1
Stream TV Networks Inc. notified the Delaware Chancery Court on Monday that SeeCubic Inc. plans to sell the company's assets despite a Delaware Supreme Court decision in June that found an agreement turning those assets over to SeeCubic invalid.,1
"You have to know what’s happening with clients, competitors, practice areas, and industries.",0
Law360 provides the intelligence you need to remain an expert and beat the competition.,1
"Access to attached documents such as briefs, petitions, complaints, decisions, motions, etc.",0
TRY LAW360 FREE FOR SEVEN DAYS,0
"Clearlake acquired Brightly, formerly known as ""Dude Solutions,"" in June 2019.",1
"Organic growth initiatives were centered on reshaping the operating expense structure of the business to enable profitable growth, while improving the quality of the Company's revenue streams.",0
The combination of these initiatives under Clearlake's ownership resulted in a material increase in annual recurring revenue and a significant expansion in the Company's EBITDA margins.,0
"Throughout Clearlake's ownership, Brightly expanded into new end-markets and geographies, as well as broadened its product offerings, expanding into solutions with a focus on ESG and sustainability management.",0
Brightly's sophisticated cloud-based platform leverages more than 20 years of data to deliver predictive insights that help users through the key phases of the entire asset lifecycle.,0
"Enters into an Asset Purchase Agreement with SF2 GSW, LLC (""SF2""), an affiliate of Stage Equity Partners, for a ""stalking horse"" bid for the sale of substantially all of the Company’s SaaS business, which bid is subject to higher and better offers through a competitive auction process.",1
Files voluntary Subchapter V petitions for Chapter 11 protection to implement a restructuring and sale of most of its software assets.,1
GetSwift will continue operating its business throughout the sale process.,1
Company continues to evaluate other strategic alternatives to maximize stakeholder value of all assets.,0
"In addition, the Company’s Australian subsidiary GetSwift Limited was placed into Liquidation on July 29, 2022, with Kate Conneely and Rahul Goyal of KordaMentha serving as the appointed Liquidators.",1
"As part of the reorganization process, the Company will file customary ""First Day"" motions to allow it to maintain its operations in the ordinary course.",0
The Company expects to receive Bankruptcy Court approval for all these routine requests.,0
"Under Section 363 of the U.S. Bankruptcy Code, subject to Bankruptcy Court approval, SF2 will serve as the ""stalking horse"" bidder, establishing a minimum value for substantially all of the Company’s SaaS assets.",1
"To effectuate the restructuring process, the Company has engaged Barclay Damon LLP.",0
"Forward-looking Information may relate to matters disclosed in this news release and to other matters identified in public filings relating to the Corporation, to the future outlook of the Corporation and anticipated events or results and may include statements regarding the future financial performance of the Corporation.",0
"The Corporation undertakes no obligation to update or revise any Forward-looking Information, whether as a result of new information, future events or otherwise, except as may be required by law.",0
Any Forward-looking Information contained in this news release is expressly qualified in its entirety by this cautionary statement.,0
The total square footage of the leased facility is 1.8 million ft2.,0
"Greenway is headquartered in Kingsville, Ontario, and leverages its agriculture and cannabis expertise in its aspiration to be a leading cannabis cultivator in Canada.",1
"Although the Company believes that such statements are reasonable and reflect expectations of future developments and other factors which management believes to be reasonable and relevant, the Company can give no assurance that such expectations will prove to be correct.",0
"On Monday, the Japanese billionaire unveiled an unprecedented $41 billion plan to sell off assets and shore up SoftBank Group Corp.’s crumbling market value in the face of the coronavirus pandemic.",1
SoftBank aims to sell assets to raise as much as 4.5 trillion yen ($41 billion) over the coming year to buy back stock and slash debt — an amount equivalent to almost its entire market value last week.,1
"The coronavirus-triggered rout has also spread to credit markets and sparked a surge in the cost of insuring debt against default — including that of SoftBank, whose credit-default swaps touched their highest level in about a decade.",1
Monday’s announcement appeared intended to underscore a point Son himself has made repeatedly: that SoftBank is worth far more than its current stock price thanks to holdings in industry leaders from e-commerce giant Alibaba Group Holding Ltd. to British chip designer Arm Holdings Plc and Japanese carrier arm SoftBank Corp. Its slice of Alibaba alone is worth more than $120 billion.,1
"SoftBank Corp., on the other hand, is a steady if unspectacular leader that generates cash to help fund Son’s global ambitions, and the group likes to use its stock as collateral for loans.",1
Part of the sale proceeds would go toward a new share buyback program of as much as 2 trillion yen that comes on top of previously announced repurchases.,1
SoftBank spokeswoman Hiroe Kotera declined to comment on whether it would sell shares in the Chinese e-commerce giant.,1
"The stock repurchase program announced Monday comes on top of a 500 billion yen plan announced just over a week ago, after activist shareholder Elliott Management Corp. called on the Japanese investment firm to boost returns.",0
"While SoftBank’s newly unveiled asset sale and buyback plan would go some way toward assuaging concerns about its situation, the big question remains the spread of Covid-19 and its ultimate impact on both investment activity and the broader economy.",1
"“SoftBank is now trying to sell its assets as the values for those are cheap,” said Mitsushige Akino, an executive officer at Ichiyoshi Asset Management Co. in Japan.",1
“Investment companies are supposed to purchase assets when they are cheap and sell them when they are expensive.,1
"The logo for Occidental Petroleum is displayed on a screen on the floor at the New York Stock Exchange (NYSE) in New York, U.S., April 30, 2019.",0
"The deal includes Occidental's interests in both the Jubilee and TEN fields, which together had net production of 22,000 barrels of oil equivalent per day for the second-quarter of 2021.",1
"An uptick in oil and gas prices have prompted companies to offload assets that they do not consider core to their business, spurring a number of smaller asset deals.",1
The company's divestitures as well as free cash flow generation have helped it repay about $4.5 billion of debt year-to-date.,1
"Occidental had sold some of its acreage in Texas' Permian basin for $508 million this year, while it also divested some of its assets in Wyoming, Colorado and Utah for about $1.33 billion last year, as well as some onshore assets in Colombia for $825 million.",1
LONDON (Reuters) - Leading energy companies are hoping to sell dozens of oil and gas fields and refineries worth more than $110 billion to curb both their ballooning debt and their carbon footprints.,1
"FILE PHOTO: FILE PHOTO: A combination of file photos shows the logos of five of the largest publicly traded oil companies; BP, Chevron, Exxon Mobil, Royal Dutch Shell, and Total.",0
"“This is not a very good time to sell assets,” Total CEO Patrick Pouyanne said while presenting the French giant’s strategy to switch to renewables on Wednesday.",1
"Eight of the world's top oil companies, Exxon Mobil XOM.N, Chevron CVX.N, Royal Dutch ShellRDSa.L, BPBP.L, Total TOTF.PA, Equinor EQNR.OL, Eni ENI.MI and ConocoPhillips COP.N, are expected to sell assets with resources of around 68 billion barrels of oil and natural gas equivalent.",1
"Yet with a narrowing pool of buyers and a growing reluctance to lend to the oil and gas sector, disposals could be tough.",1
"""Oil and gas asset sales will of course put pressure on market pricing if there are few buyers for these assets,"" Garrett Soden, CEO of Canadian-listed Africa Energy AFE.V, which is part of Lundin Group, said.",1
The majors need to sell assets to boost revenues and reduce debt amassed in the wake of the oil price collapse.,1
"Exxon and BP each hope to sell $25 billion of assets in the coming years, while Shell aims to dispose of $5 billion a year.",1
"Spiro Youakim, global head of natural resources at investment bank Lazard, told Reuters that oil company boards should consider spinning off unwanted oil and gas production and refining businesses to attract new investors as buyers such as private equity lose appetite.",1
"Join over 300,000 Finance professionals who already subscribe to the FT.",0
"Sept 20 (Reuters) - Royal Dutch Shell (RDSa.L) said on Monday it would sell its Permian Basin assets to ConocoPhillips (COP.N) for $9.5 billion in cash, an exit from the largest U.S. oilfield for the energy major shifting its focus to the clean energy transition.",1
"Like all of the world's largest oil companies, Shell is under pressure from investors to reduce fossil-fuel investments to help reduce global carbon emissions and fight climate change.",1
"ConocoPhillips is acquiring around 225,000 net acres, as well as over 600 miles of associated infrastructure, according to its statement announcing the transaction.",1
"To help pay for the deal, ConocoPhillips will hike its own divestment targets by 2023 to between $4 billion and $5 billion, up from between $2 billion and $3 billion.",1
It sold its Appalachian gas assets last year.,1
The sale was announced on the same day Shell disclosed damage to offshore transfer facilities from Hurricane Ida will cut production from the area into early next year.,1
"""This sale came up for us as a very compelling value proposition,"" Sawan said.",1
"U.S. will continue to account for around one-third of Shell's global spending, as it focuses on its Gulf position as well as petrochemicals and renewables.",0
"Shell will return $7 billion of the proceeds to shareholders as dividends on top of existing commitments, with the rest going to pay down debt, it said.",1
"Reuters first reported in June that Shell had put up for sale its assets in the Permian, the shale formation stretching across Texas and New Mexico that accounts for around 40% of U.S. oil production.",1
Legal advice for the seller and buyer came from Norton Rose Fulbright and Baker Botts respectively.,1
"MELBOURNE/LONDON (Reuters) - BP Plc BP.L has agreed to buy U.S. shale oil and gas assets from global miner BHP Billiton BLT.LBHP.AX for $10.5 billion, expanding the British oil major's footprint in some of the nation's most productive oil basins in its biggest deal in nearly 20 years.",1
"In a further sign of the upturn in its fortunes, BP said it would increase its quarterly dividend for the first time in nearly four years and announced a $6 billion share buyback, to be partly funded by selling some upstream assets.",1
The sale ends a disastrous seven-year foray by BHP into shale on which the company effectively blew up $19 billion of shareholders’ funds.,1
Investors led by U.S. hedge fund Elliott Management have been pressing the mining company to jettison the onshore assets for the past 18 months.,1
BHP put the business up for sale last August.,1
"The sale price was better than the $8 billion to $10 billion that analysts had expected, and investors were pleased that BHP planned to return the proceeds to shareholders.",1
"“It was the wrong environment to have bought the assets when they did but this is the right market to have sold them in,” said Craig Evans, co-portfolio manager of the Tribeca Global Natural Resources Fund.",1
"FILE PHOTO: BHP Billiton Chief Executive Andrew Mackenzie is silhouetted against a screen projecting the company's logo at a round table meeting with journalists in Tokyo, Japan June 5, 2017.",0
"BP will acquire BHP’s unit holding Eagle Ford, Haynesville and Permian Basin shale assets for $10.5 billion, giving it “some of the best acreage in some of the best basins in the onshore U.S.,” the company said.",1
"Meanwhile, a unit of Merit Energy Company will buy BHP Billiton Petroleum (Arkansas) Inc and the Fayetteville assets, for $0.3 billion.",1
"Tribeca’s Evans welcomed the clean exit for cash, rather than asset swaps which BHP had flagged as a possibility.",1
"“It leaves the company good scope to focus on their far better offshore oil business,” he said.",1
"BHP Chief Executive Andrew Mackenzie said the company had delivered on its promise to get value for its shale assets, while the sale was consistent with a long-term plan to simplify and strengthen its portfolio.",1
"BP said it would pay the $10.5 billion in installments over six months from the date of completion, with $5.25 billion of the consideration to be raised through the sale of new shares.",1
Why did this happen?,0
"Lumen Technologies plans to sell a swath of its U.S. telecommunications network to Apollo Global Management for $7.5 billion including debt, officials from the companies said.",1
"The investment giant will carve out some of Lumen’s so-called incumbent local exchange carrier assets, a collection of telephone and broadband infrastructure that covers more than 6 million residential and business customers across 20 states, mostly in the U.S. Midwest and Southeast.",1
"NEW YORK (Reuters) - Bank of America Corp's BAC.N deal to sell part of its Columbia Management business for about $1 billion is a boost for its effort to unload unwanted assets and raise capital, but the low price suggests it is still facing a buyers' market.",1
"People walk past a Bank of America branch in New York August 13, 2009.",0
"“When you’ve got the 64,000 pound gorilla, in the case of Merrill Lynch’s asset management business, you don’t need the Chihuahua,” said Tony Plath, a University of North Carolina at Charlotte banking professor.",1
"While in line with other, recent asset manager sales, the price was far below the premiums seen during the economic boom, analysts said.",1
OTHER SALES AHEAD?,1
"Columbia’s long-term management sale, and potential sales of Columbia’s other units, is unlikely to be a significant gain for Bank of America, Citigroup analyst Keith Horowitz said in a research note.",1
"Bank of America is also attempting to sell Merrill’s First Republic Bank, according to media reports, the private banking business inherited from January’s merger.",1
"Jefferson Harralson, a Keefe, Bruyette & Woods banking analyst, said the drawn-out negotiations in the Columbia deal may be a harbinger for any potential sales.",1
"The Charlotte, North Carolina-based financial giant announced Columbia’s possible sale as part of a broader capital plan in May, when the results of federal government stress testing for the 19 largest U.S. banks mandated, in many cases, that they raise additional capital.",1
Ameriprise CEO Cracchiolo said Columbia’s sale began in April and was an “auction-type process” involving several rounds of bidding.,1
"He said Bank of America initially offered all of Columbia, but backed away from that approach during the bidding, instead resolving to sell only the long-term asset management division.",1
"General Motors, the nation’s largest automaker, reported a third-quarter loss of $3 billion on Tuesday, stemming primarily from a large accounting charge for the sale of its European operations.",1
"also said that its pretax income in North America fell 42 percent from a year earlier to about $2.1 billion, as it reduced production at several plants to account for lower sales of some vehicles and changeovers to new products.",0
"Zurich, 17 March 2022 – UBS Group and UBS AG (“UBS”) today announced that UBS Asset Management has agreed with its joint venture partner, Mitsubishi Corporation, to sell Mitsubishi Corp.-UBS Realty Inc. (“MC-UBSR”) to KKR & Co. Inc (“KKR”).",1
"The transaction is expected to close in April 2022, subject to required filings and regulatory approvals.",1
MC-UBSR was established in 2000 in the initial days of the J-REIT market as a joint venture between Mitsubishi Corporation and UBS Asset Management’s Real Estate & Private Markets business.,0
"KKR is committed to further developing the MC-UBSR business, while ensuring continuity with the existing strategy, and is committed to leveraging its network and global resources to create value for JMF and IIF unitholders.",0
UBS Group AG and UBS AG,0
"Regulators are pressing the state-controlled ""bad bank"", which has been trying to restructure since 2018, to sell units including a bank, a trust, an investment firm and a consumer finance firm, the sources said.",1
Huarong's onshore and offshore subsidiaries have made timely repayments on maturing debt.,0
"The Beijing-based company, established in the late 1990s to handle soured debts at state banks, has the Ministry of Finance as its biggest shareholder.",0
"It did not confirm or deny asset sales, saying it would make statements in the future, and did not comment on any debt guarantees.",1
"The backing for Huarong's debt would not be a public announcement but more informal suasion from the authorities, as sometimes seen in China, to prevent creditors from taking drastic action, the first source said.",0
"The key aim of the current approach is to ensure Huarong can roll over debt and, ideally, use future cash flow to repay its debt, the second source said.",0
"Now, a number of possible asset sales are in the works.",1
"Deutsche Bank (DBKGn.DE) plans to buy Huarong's stake in their joint venture investment firm, Huarong Rongde Asset Management, said a fourth source with direct knowledge of the deal.",1
"Huarong has put Huarong Consumer Finance on sale, with food-delivery giant Meituan (3690.HK) expressing interest earlier this year, the second source said.",1
Why did this happen?,0
"May 4 (Reuters) - British paper and packaging firm Mondi Plc (MNDI.L) said on Wednesday it would sell its Russian assets, the latest company to exit the country following Moscow's invasion of Ukraine.",1
"""Having assessed all options for the group's interests in Russia and recognising its corporate values and stakeholder responsibilities, the board has decided to divest the group's Russian assets,"" Mondi said in a statement.",1
"Mondi said there could not be any certainty on the timing and structure of any possible transaction, given that the sale process is ""operationally and structurally complex and is being undertaken in an evolving political and regulatory environment"".",1
"Vodafone logo is seen during GSMA's 2022 Mobile World Congress (MWC) in Barcelona, Spain February 28, 2022.",0
The sale follows a flurry of divestments by telecom firms as they cut debt and focus on their active mobile assets.,1
"Last week, Spark New Zealand (SPK.NZ) announced the sale of a 70% stake in its towers business for NZ$900 million.",1
"Vodafone NZ, of which Infratil owns about 49.95%, will sell 1,484 mobile towers to funds managed by London-based InfraRed Capital Partners and Toronto-based Northleaf Capital Partners.",1
"PetroChina's logo is seen at a petrol station in Beijing, China, March 21, 2016.",0
"PetroChina's plan follows a similar strategic shift by smaller state peer CNOOC Ltd (0883.HK), which was preparing to exit its operations in Britain, Canada and the United States because of concerns the assets could become subject to Western sanctions.",1
"The state oil and gas major hopes to sell some of these assets, which have incurred billions of dollars of losses and are in areas where the company cannot easily compete, in the next two years, the sources said.",1
"The company is also looking to offload the wholly-owned MacKay River Oilsands and Dover Oilsands projects in Canada because of losses producing and processing the tar-like fuel into bitumen, the sources added.",1
Arrow only made a final investment decision to develop the 5-trillion-cubic-feet Surat Gas Project in Queensland in 2020.,0
They are now looking at a $22 billion plan to use the field to feed the Karratha Gas Plant (KGP) in northwestern Australia as that plant's original fields dry up.,0
One of the sources familiar with the possible divestment said that PetroChina is displeased with the relatively high production costs of $70 per barrel at the projects and both sites face discontent from local residents over their environmental impact.,1
"HOUSTON (Reuters) - Marathon Petroleum Co, the largest U.S. independent refiner, is exploring the sale of assets of its pipeline subsidiary MPLX LP worth as much as $15 billion, people familiar with the matter said on Wednesday.",1
"FILE PHOTO: General view of the Marathon petroleum refinery in Carson, California, U.S., December 5, 2019.",0
"Marathon is exploring a sale of MPLX’s gathering and processing (G&P) business, which transports hydrocarbons from drilling sites to major pipelines, the sources said.",1
"Intrepid Financial Partners is advising on a sale process for the business, which is at its early stages, the sources added.",1
"If there is a deal, it could involve divesting a majority or minority stake in that business, according to the sources.",1
"Marathon Petroleum shares ended trading down 9% in New York, giving it a market value of $20.3 billion.",1
"Its debt obligations totaled $29 billion as of the end of December, $20.1 billion of which stemmed from MPLX and its subsidiaries.",0
"Shaw Group, Marathon announced in October it would explore options for its pipeline and storage operations, and look at spinning off its retail gas station business Speedway.",1
"Marathon held negotiations to sell Speedway to Japan’s Seven & i Holdings Co for more than $20 billion, but the talks collapsed earlier this month after banks balked at financing the 7-Eleven convenience store operator’s bid, one of the sources said.",1
A sale of the MPLX assets could help compensate for that abandoned divestment.,1
It is not clear whether Marathon would choose to keep MPLX’s logistics and storage businesses should the G&P assets be successfully divested.,1
"PARIS, Feb 28 (Reuters) - Danone (DANO.PA) said on Sunday it was taking a first step towards selling off its stake in its Chinese dairy partner as the French food group faces pressure from shareholders to improve its performance and governance.",1
Danone said in a statement that following a review of its portfolio it had reached an agreement to convert its indirect stake in China Mengniu Dairy Company Limited (2319.HK) into a 9.8% direct holding in the Hong Kong-listed group.,1
"A sale of the direct stake could follow this year in one or in several transactions and depending on market conditions, Danone said, adding that most of the gains would be used to buy back its own shares.",1
"Chairman and Chief Executive Emmanuel Faber has come under growing pressure recently as shareholders push for changes at the group, which has lagged some rivals during the COVID-19 pandemic.",0
French media reported that Danone's board of directors was due to meet on Monday to discuss governance issues.,0
"NEW YORK (Reuters) - Royal Dutch Shell RDSa.L is in talks with several potential buyers for its refinery outside of San Francisco, but the Anglo-Dutch oil giant is reluctant to part with its last asset in California, three people familiar with the process say.",1
"Shell's company logo is pictured at a gas station in Zurich April 8, 2015.",0
"Shell, Europe’s largest oil company, has sold around $15 billion of assets over the past year as part of a planned $30 billion in asset sales to trim debt incurred from the transaction.",1
"Bidders for Shell's 158,000 barrel-per-day Martinez refinery, located 30 miles (48 km) northeast of San Francisco, include PBF Energy PBF.N and NTR Partners III LLC.",1
"Still, sources familiar with the issue say the company wants to sell for a higher price, with one saying the plant could be valued at about $900 million.",1
"Shell, which barred potential buyers from hiring advisors during a first round of the auction, has since allowed third parties to review materials related to a sale, according to one person familiar with the negotiations.",1
"PBF referenced its quarterly calls with analysts, where it has said it considers all refining and logistics assets that come on the market, but declined to comment on interest in the specific plant.",1
Shell retained Lazard last year to advise on the overall asset sale program.,1
"In the fall, Shell retained Deutsche Bank to find a buyer for the Martinez facility.",1
"Over the past 15 years, Shell has sold refineries in Bakersfield and Wilmington, California.",1
Selling the Martinez plant would mark its exit from the state.,1
Most operators in the state own more than one plant.,0
The potential sale would include a pipeline that brings crude produced in California’s San Joaquin Valley to the refinery.,1
"Sept 3 (Reuters) - Chevron Corp (CVX.N) is looking to sell its oil and gas assets in the Eagle Ford Basin in south Texas, according to sources familiar with the matter and a marketing document seen by Reuters.",1
"A spokesperson confirmed that the company was marketing the assets for sale, adding the oil major regularly reviews its portfolio.",1
"Prospective buyers are likely to bid between $1 billion and $2 billion for the assets, two of the sources said.",1
"Oil companies have been unloading properties from Texas to California, taking advantage of a more than 40% surge in crude prices to shore up cash for future investments and returns to shareholders.",1
"Chevron, which plans to resume share buybacks in the current quarter, stepped up its sales program in June by marketing two collections of conventional oil and gas fields in the Permian Basin, together valued at more than $1 billion.",1
The divestment plans come as Chevron reportedly held talks with activist hedge fund Engine No.,1
1 to detail its plans to cut carbon emissions.,0
"1 won three board seats at rival Exxon Mobil (XOM.N) in June, using the top U.S. oil producer's ""inadequate"" response to climate change as its rallying point.",0
"EDINBURG, Va., July 01, 2021 (GLOBE NEWSWIRE) -- Shenandoah Telecommunications Company (“Shentel” or the “Company”) (NASDAQ: SHEN) announced today the closing of the previously announced sale of its Wireless assets and operations to T-Mobile USA, Inc. (“T-Mobile”).",1
"This release contains forward-looking statements about Shentel regarding, among other things, its business strategy, its prospects and its financial position.",0
"Shentel undertakes no obligation to revise or update such statements to reflect current events or circumstances after the date hereof, or to reflect the occurrence of unanticipated events, except as required by law.",0
Exxon Mobil Corp. (XOM) is seeking buyers for its U.S. shale fields.,1
"According to Reuters, XOM plans to offload unproductive assets, raise cash, and pay off its huge debt.",1
"Bids are expected till December 2021, and Exxon expects to close the sale in January 2022.",1
"According to Reuters, the Barnett shale assets gas production has reduced by 50% since 2016, to around 227 million cubic feet per day (mcfd) in the first half of this year.",0
"In August 2021, Exxon had put approximately 5,000 natural gas wells in the Fayetteville Shale in Arkansas for sale.",1
"According to Exxon, these assets have reduced market value and declining production capacity.",1
"Exxon excluded several properties in Asia, Africa, the United States, and Europe from its development plan last year.",1
The company has received $557 million from sale proceeds up to June 2021 and has $2.15 billion in pending deals.,1
The average Exxon Mobil price target of $69.73 implies 8.33% upside potential to current levels.,0
"The Company has eliminated 40% of its workforce, largely in senior and middle management, resulting in an anticipated annual savings of over $4m.",0
Flowr Forest is not core to the Company’s operations and the proceeds of the sale will provide the Company with increased operating capital.,1
"Closing of the sale is anticipated for mid-August and is subject to certain conditions, including the completion of a satisfactory due diligence review by the purchaser.",1
"Tom Flow, Interim Chief Executive Officer of Flowr commented, “These cost cutting measures and sale of non-core assets are vital to getting the company to profitability.",1
"Flowr aims to support improving outcomes through responsible cannabis use and, as an established expert in cannabis cultivation, strives to be the brand of choice for consumers and patients seeking the highest-quality craftsmanship and product consistency across a portfolio of differentiated cannabis products.",1
"Often, but not always, forward-looking statements can be identified by the use of forward-looking terminology such as “may”, “will”, “expect”, “believe”, “estimate”, “plan”, “could”, “should”, “would”, “outlook”, “forecast”, “anticipate”, “foresee”, “continue” or the negative of these terms or variations of them or similar terminology.",0
"To the extent any forward-looking information in this press release constitutes “future oriented financial information” or “financial outlooks”, within the meaning of applicable securities laws, the purpose of such information being provided is to demonstrate the potential of the Company and readers are cautioned that this information may not be appropriate for any other purpose.",0
Repsol was one of the top sellers of assets between 2017 and 2021 in EDF's analysis.,1
"To be sure, the burning of fossil fuels, such as coal, oil and gas, is the chief driver of the climate crisis and researchers have repeatedly stressed that limiting global heating to 1.5 degrees Celsius will soon be beyond reach without immediate and deep emissions reductions across all sectors.",0
"EDF's analysis of over 3,000 deals between 2017 and 2021 shows how flaring and emissions commitments disappear when tens of thousands of wells are passed from publicly traded companies to private firms that have no oversight or reporting requirements to shareholders.",1
"These transactions can make it look as though sellers have cut emissions, when in fact pollution is simply being shifted to companies with lower standards.",1
"""These transactions can make it look as though sellers have cut emissions, when in fact pollution is simply being shifted to companies with lower standards,"" said Andrew Baxter, director of energy transition at EDF.",1
"""Regardless of the sellers' intent, the result is that millions of tons of emissions effectively disappear from the public eye, likely forever.",1
EDF's analysis used industry and financial data on mergers and acquisitions to track changes in how emissions may have changed after a sale.,1
"In one example, Britain's Shell, France's TotalEnergies and Italy's Eni — all publicly held firms with net-zero targets — sold off their interests in an onshore oil mining field in Nigeria last year to a private-equity backed operator.",1
Shell said it would reverse up to $4.5 billion in writedowns on oil and gas assets after it raised its energy prices outlook .,1
The case study was said to highlight the climate risks stemming from upstream oil and gas transactions.,0
"""Questions regarding specific asset sales should be directed to the operator,"" they added.",1
"""In general terms, all asset sales contracts must comply with local regulations, they include clauses related to the respect of human rights, and they are subject to Government approval.""",1
"Larry Fink, CEO and Chair of BlackRock, the world's largest asset manager, sharply criticized oil and gas giants for selling out to private firms during the COP26 climate conference in Glasgow, Scotland, last year.",1
"Fink said the practice of public disclosed companies selling high-polluting assets to opaque private enterprises ""doesn't change the world at all.",1
"In North America, for example, he highlighted the ""huge problem"" with so-called ""orphan wells.""",0
These are oil and gas wells abandoned by fossil fuel extraction industries which can end up in the hands of companies with no ability or intention of cleaning them up.,1
"""It is interesting to look at how different the asset sale process is in most of North America compared to the assets in the Gulf of Mexico because, in the Gulf of Mexico, there are federal rules that basically say if you sell an asset and the next company — or the next, next, next company doesn't clean it up — that liability comes back to you,"" Logan said.",1
"""I think we need something like that in the rest of the world where there's an acknowledgment that that liability has to travel.",0
Why did this happen?,0
"America Movil is pushing to sell some assets for at least $20 billion, a source told CNBC.",1
"The Mexican telecom company, which is owned by billionaire Carlos Slim, is preparing to divest assets in an unprecedented step to cut its market share in Mexican telecoms below 50 percent and escape the burden of tougher regulations.",1
The company's stock rose after reports of its interest in selling some assets.,1
Read MoreCarlos Slim: New telecom regulations?,0
"The justification for the steep multiplier, the source said, is that Mexico has a growing telecommunications market, and whomever bought the assets would face a competitor—America Movil—firmly dedicated to not grow to more than 50 percent market share.",1
Correction: This article has been updated to reflect the sale price that America Movil is seeking.,1
"A logo of the Exxon Mobil Corp is seen at the Rio Oil and Gas Expo and Conference in Rio de Janeiro, Brazil September 24, 2018.",0
The top U.S. oil producer last year accelerated efforts to divest smaller oil and gas operations and use any proceeds to pay down debt acquired as the coronavirus pandemic triggered losses.,1
"The properties could fetch between $500 million and $1 billion, people familiar with energy property sales said.",1
"The shale assets were part of an impairment charge that Imperial and Exxon took in late 2020, an Imperial spokeswoman said.",1
The companies also own petrochemical plants and Exxon operates offshore production in Eastern Canada.,0
Past divestitures have raised more than $1.1 billion from sales of Exxon's U.S. Gulf of Mexico and U.K. North Sea properties.,1
It recently put several packages of U.S. natural gas properties on the market.,1
"Canada's Montney, which straddles Alberta and British Columbia, has seen a wave of consolidation as companies buckled under when oil prices collapsed amid the COVID-19 pandemic.",1
"The oil major in 2020 took a near $20 billion writedown on properties, primarily purchased with the acquisition of XTO Energy a decade earlier.",1
"Gas assets in Appalachia, the Rocky Mountains, Oklahoma, and Texas were taken out of its development plan after the writedown.",1
"(“BSP”) under which the Company will sell its December 31, 2017 investment portfolio to funds advised by BSP for $981.2 million in cash.",1
"The sale of the December 31, 2017 investment portfolio to BSP and the $85.0 million shareholder payment by Barings represent total cash consideration to the Company and to Triangle shareholders, net of the repayment of outstanding debt, of $691.2 million, or approximately $14.48 per share as of December 31, 2017, and 1.08x Triangle’s December 31, 2017 net asset value per share.",1
"Net of estimated transaction expenses, other one-time charges and the repayment of outstanding debt, the sale of the Company’s December 31, 2017 investment portfolio and the $85.0 million shareholder payment represents total cash consideration to the Company and to Triangle shareholders of $658.6 million, or approximately $13.80 per share as of December 31, 2017, and 1.03x Triangle’s December 31, 2017 net asset value.",1
"The sale of our December 31, 2017 investment portfolio for cash to BSP and the externalization of the Triangle platform by Barings delivers significant value to Triangle’s shareholders and accelerates the Company’s strategic transition to a senior-focused lender to the lower and middle markets.",1
"In conjunction with the closing of the proposed transactions, Triangle will announce the redemption of the Company’s 6.375% Notes due December 15, 2022 (NYSE:TCCA) with an aggregate principal amount outstanding of $80.5 million and the Company’s 6.375% Notes due March 15, 2022 (NYSE:TCCB) with an aggregate principal amount outstanding of $86.25 million.",1
"The transactions are expected to close in June or July of 2018, at which time shareholders will receive the payment of $1.78 per share as part of the Barings externalization transaction.",1
The call will also be available via a live webcast on the Investor Relations section of Triangle’s website at http://ir.tcap.com/events-and-presentations.,0
"Triangle offers a wide variety of debt and equity investment structures including first lien, unitranche, second lien, and mezzanine with equity components.",0
Triangle has elected to be treated as a regulated investment company under the Internal Revenue Code of 1986.,0
"Part of MassMutual, Barings maintains a strong global presence with over 1,800 associates and offices in 16 countries.",0
"BSP manages assets across a broad range of complementary credit strategies including private/opportunistic debt, liquid loans, high yield, special situations, long-short liquid credit and commercial real estate debt.",0
"The inclusion of such statements should not be regarded as a representation that such plans, estimates or expectations will be achieved.",0
"Information regarding Triangle’s directors and executive officers is available in its definitive proxy statement for Triangle’s 2018 annual meeting of shareholders filed with the SEC on March 1, 2018 (the “TCAP 2018 Proxy Statement”), as modified or supplemented by any Form 3 or Form 4 filed with the SEC since the date of the TCAP 2018 Proxy Statement.",0
"These documents can be obtained, or will be available, free of charge from the sources indicated above.",0
"FILE PHOTO: A customer enters a JC Penney Co store in Westminster, Colorado, U.S. August 14, 2008.",0
The iconic 118-year-old department store had filed for bankruptcy in May after the COVID-19 pandemic forced it to temporarily close its then nearly 850 stores.,1
"With the completion of the sale, the company will have access to about $1.5 billion in new financing, it said.",1
"“We ... are very pleased to help preserve this iconic institution and save tens of thousands of jobs,” Simon Property Group Chief Executive David Simon said.",0
"Canadian oil and gas producer Husky Energy Inc is mulling paring down its stakes in some of its Eastern Canadian offshore assets, in a move that could fetch several billion dollars, people familiar with the talks told Reuters.",1
"The company, which is controlled by Hong Kong billionaire Li Ka-shing, finds the capital-intensive assets less attractive in a low oil price environment, making it challenging to generate profits, the people said.",1
"Husky could invest the sale proceeds in South America, Africa or Asia, the people added.",1
"The sources cautioned, however, that the talks were at an early stage and Husky might not proceed with the divestitures if it does not receive attractive offers.",1
"Petershill, which takes minority stakes in alternative assets managers including private equity, venture capital and hedge funds, will be a standalone company operated by the Goldman Sachs Asset Management team, it said on Monday.",1
The deal will consist of a sale of around $750 million of new shares as well as existing ones to give Petershill a free float of at least 25% and make it eligible to be included in FTSE indices.,1
"The listing is slated to take place around a month from now, the source said.",1
